,molecule_chembl_id,IC50,units,smiles
0,CHEMBL18854,230.0,nM,CCCCCCS(=O)(=O)c1ccc(Cl)cc1C1NC(=O)NC1=O
1,CHEMBL19744,130.0,nM,CNS(=O)(=O)c1ccc(Cl)cc1C1NC(=O)NC1=O
2,CHEMBL19711,100.0,nM,O=C1NC(=O)C(c2cc(Cl)ccc2S(=O)(=O)NCCCc2ccccc2)N1
3,CHEMBL19392,5630.0,nM,O=C1NC(=O)C(c2cc(Cl)ccc2S(=O)(=O)NCCCCc2ccccc2)N1
4,CHEMBL19746,7470.0,nM,COc1ccc(F)cc1C1NC(=O)NC1=O
5,CHEMBL19781,470.0,nM,O=C1NC(=O)C(c2cc(Cl)ccc2[S+]([O-])Cc2ccc(Cl)cc2)N1
6,CHEMBL266497,120.0,nM,O=C1NC(=O)[C@@]2(CCOc3ccc(F)cc32)N1
7,CHEMBL19649,270.0,nM,O=C1NC(=O)C(c2cc(Cl)ccc2S(=O)(=O)Cc2ccc(Cl)cc2)N1
8,CHEMBL440790,580.0,nM,CS(=O)(=O)c1c(C2NC(=O)NC2=O)cc(Cl)cc1C(F)(F)F
9,CHEMBL429059,580.0,nM,CCCNS(=O)(=O)c1ccc(Cl)cc1C1NC(=O)NC1=O
10,CHEMBL18865,380.0,nM,CC(C)S(=O)(=O)c1ccc(Cl)cc1C1NC(=O)NC1=O
11,CHEMBL19316,220.0,nM,O=C1NC(=O)C(c2cc(Cl)ccc2S(=O)(=O)CCc2ccc(Cl)cc2)N1
12,CHEMBL19789,1200.0,nM,O=C1NC(=O)C(c2cc(Cl)ccc2SCc2ccc(Cl)cc2)N1
13,CHEMBL2310845,100000.0,nM,CN1C(=O)NC(=O)[C@]12CCOc1ccc(F)cc12
14,CHEMBL19064,700.0,nM,CCCCNS(=O)(=O)c1ccc(Cl)cc1C1NC(=O)NC1=O
15,CHEMBL19187,30.0,nM,O=C1NC(=O)C(c2cc(Cl)ccc2S(=O)(=O)NCc2ccccc2)N1
16,CHEMBL277427,610.0,nM,CS(=O)(=O)c1c(Cl)cc(Cl)cc1C1NC(=O)NC1=O
17,CHEMBL278565,3870.0,nM,COc1ccc(Cl)cc1C1NC(=O)NC1=O
18,CHEMBL277520,50.0,nM,CS(=O)(=O)c1ccc(Cl)cc1C1NC(=O)NC1=O
19,CHEMBL280357,4470.0,nM,CN(C)S(=O)(=O)c1ccc(Cl)cc1C1NC(=O)NC1=O
20,CHEMBL19495,180.0,nM,CCS(=O)(=O)c1ccc(Cl)cc1C1NC(=O)NC1=O
21,CHEMBL443492,250.0,nM,CCCS(=O)(=O)c1ccc(Cl)cc1C1NC(=O)NC1=O
22,CHEMBL19427,50.0,nM,CCCCCS(=O)(=O)c1ccc(Cl)cc1C1NC(=O)NC1=O
23,CHEMBL310274,8000.0,nM,O=C1NC(=O)C(N2C(=O)c3cccc4cccc(c34)C2=O)N1
24,CHEMBL19885,610.0,nM,CS(=O)(=O)c1ccc(F)cc1C1NC(=O)NC1=O
25,CHEMBL19532,190.0,nM,CCCCCNS(=O)(=O)c1ccc(Cl)cc1C1NC(=O)NC1=O
26,CHEMBL279274,250.0,nM,C[S+]([O-])c1ccc(Cl)cc1C1NC(=O)NC1=O
27,CHEMBL279878,150.0,nM,NS(=O)(=O)c1ccc(Cl)cc1C1NC(=O)NC1=O
28,CHEMBL19502,270.0,nM,Cc1cc(Cl)cc(C2NC(=O)NC2=O)c1S(C)(=O)=O
29,CHEMBL274727,230.0,nM,O=C1NC(=O)C(c2cc(Cl)ccc2S(=O)(=O)Nc2ccc(F)cc2)N1
30,CHEMBL275868,1260.0,nM,O=C1NC(=O)C(c2cc(Cl)ccc2S(=O)(=O)NCCc2ccccc2)N1
31,CHEMBL278584,620.0,nM,CSc1ccc(Cl)cc1C1NC(=O)NC1=O
32,CHEMBL419254,110.0,nM,O=C(O)Cc1nn(Cc2nc3cc(F)cc(F)c3s2)c2ccc(Cl)cc12
33,CHEMBL309132,41.0,nM,O=C(O)Cc1nn(Cc2nc3cc(C(F)(F)F)ccc3s2)c(=O)c2cccnc12
34,CHEMBL73560,5.0,nM,Cc1c(CC(=O)O)nn(Cc2nc3cc(F)cc(F)c3s2)c(=O)c1C
35,CHEMBL73505,4.6,nM,O=C(O)Cc1nn(Cc2nc3cc(F)ccc3s2)c2ccc(Cl)cc12
36,CHEMBL71966,3.3,nM,Cc1c(CC(=O)O)nn(Cc2nc(-c3cccc(F)c3F)no2)c(=O)c1C
37,CHEMBL69537,46.0,nM,O=C(O)Cc1nn(Cc2nc3ccccc3s2)c(=O)c2cc3ccccc3cc12
38,CHEMBL308216,30.0,nM,O=C(O)Cc1nn(Cc2nc3cc(F)cc(F)c3s2)c2ccccc12
39,CHEMBL70247,680.0,nM,O=C(O)Cc1nn(Cc2nc3ccccc3s2)c2ccccc12
40,CHEMBL306244,33.0,nM,O=C(O)Cc1nn(Cc2nc3cc(C(F)(F)F)ccc3s2)c2ccccc12
41,CHEMBL68705,35.0,nM,O=C(O)Cc1nn(Cc2nc3cc(C(F)(F)F)ccc3s2)c2ccc(Cl)cc12
42,CHEMBL21091,19.0,nM,O=C(O)Cc1nn(Cc2nc3ccccc3s2)c(=O)c2ccccc12
43,CHEMBL69183,340.0,nM,O=C(O)Cc1ccc(=O)n(Cc2nc3cc(C(F)(F)F)ccc3s2)n1
44,CHEMBL305064,26.0,nM,O=C(O)Cc1nn(Cc2nc3cc(F)cc(F)c3s2)c(=O)c2cccnc12
45,CHEMBL303210,18.0,nM,Cc1cc(=O)n(Cc2nc3cc(C(F)(F)F)ccc3s2)nc1CC(=O)O
46,CHEMBL306222,6200.0,nM,O=C(O)Cc1nn(Cc2ccc(Br)cc2F)c2ccccc12
47,CHEMBL66006,32.0,nM,O=C(O)Cc1nn(Cc2ccc(Br)cc2F)c(=O)c2c1CCCC2
48,CHEMBL421487,65.0,nM,O=C(O)Cc1nn(Cc2nc3cc(Br)ccc3s2)c2ccc(Cl)cc12
49,CHEMBL69907,100.0,nM,O=C(O)Cc1nn(Cc2nc3ccccc3o2)c2ccc(Cl)cc12
50,CHEMBL68586,290.0,nM,Cc1c(CC(=O)O)nn(Cc2ccc(Br)cc2F)c(=O)c1C
51,CHEMBL68580,5.2,nM,O=C(O)Cc1nn(Cc2nc3cc(C(F)(F)F)ccc3s2)c(=O)c2c1CCCC2
52,CHEMBL67591,58.0,nM,O=C(O)Cc1nn(Cc2nc3ccccc3s2)c2ccc(Cl)cc12
53,CHEMBL69350,16.0,nM,Cc1c(CC(=O)O)nn(Cc2nc3cc(C(F)(F)F)ccc3s2)c(=O)c1C
54,CHEMBL69956,2.1,nM,O=C(O)Cc1nn(Cc2nc3cc(C(F)(F)F)ccc3s2)c(=O)c2ncccc12
55,CHEMBL304995,4.0,nM,O=C(O)Cc1nn(Cc2nc3cc(F)cc(F)c3s2)c(=O)c2c1CCCC2
56,CHEMBL69371,760.0,nM,O=C(O)Cc1nn(Cc2ccc(Br)cc2F)c(=O)c2ncccc12
57,CHEMBL67922,420.0,nM,O=C(O)Cc1nn(Cc2ccc(Br)cc2F)c(=O)c2cc3ccccc3cc12
58,CHEMBL10372,4.8,nM,O=C(O)Cc1nn(Cc2nc3cc(C(F)(F)F)ccc3s2)c(=O)c2ccccc12
59,CHEMBL72752,2200.0,nM,O=S(=O)(c1ccc(O)nn1)c1ccccc1-c1ccccc1
60,CHEMBL10615,73.2,nM,CN1C(=O)c2ccc(F)cc2C2(CC(=O)NC2=O)C1=O
61,CHEMBL307279,140.0,nM,O=S(=O)(c1ccc(O)nn1)c1ccc(Br)cc1F
62,CHEMBL10350,226.6,nM,O=C(O)CC1C(=O)N(Cc2ccc(Br)cc2F)C(=O)c2ccc(F)cc21
63,CHEMBL73415,150.0,nM,O=S(=O)(c1ccc(O)nn1)c1cc2ccccc2s1
64,CHEMBL10382,78.2,nM,CN1C(=O)c2ccc(Cl)cc2C2(CC(=O)NC2=O)C1=O
65,CHEMBL7679,66.5,nM,O=C(O)Cc1nn(Cc2ccc(Br)cc2F)c(=O)c2ccccc12
66,CHEMBL10552,144.1,nM,O=C1CC2(C(=O)N1)C(=O)N(Cc1nc3cc(C(F)(F)F)ccc3s1)C(=O)c1ccc(F)cc12
67,CHEMBL269455,54.7,nM,O=C1NC(=O)C2(N1)c1cc(F)ccc1-c1ccc(F)cc12
68,CHEMBL74785,2000.0,nM,COc1ccc(S(=O)(=O)c2ccc(O)nn2)cc1
69,CHEMBL241777,25.0,nM,O=c1ccc(S(=O)(=O)c2cc3ccccc3o2)n[nH]1
70,CHEMBL74183,190.0,nM,O=S(=O)(c1ccc(O)nn1)c1ccc(Cl)cc1Cl
71,CHEMBL436,47.0,nM,COc1ccc2c(C(=S)N(C)CC(=O)O)cccc2c1C(F)(F)F
72,CHEMBL73491,280.0,nM,O=S(=O)(c1ccc(O)nn1)c1ccc(F)cc1Cl
73,CHEMBL240725,0.84,nM,Cc1c(S(=O)(=O)c2ccc(=O)[nH]n2)oc2ccc(Cl)cc12
74,CHEMBL292963,72.6,nM,O=C1C[C@@]2(C(=O)N1)C(=O)N(Cc1ccc(Br)cc1F)C(=O)c1ccc(F)cc12
75,CHEMBL72278,5000.0,nM,O=S(=O)(c1ccc(O)nn1)c1cc2ccccc2[nH]1
76,CHEMBL72699,170.0,nM,O=S(=O)(c1ccc(O)nn1)c1ccccc1Cl
77,CHEMBL73330,450.0,nM,O=S(=O)(c1ccc(O)nn1)c1nc2ccccc2s1
78,CHEMBL10413,42.4,nM,O=C(O)Cn1c(=O)n(Cc2ccc(Br)cc2F)c(=O)c2ccc(Cl)cc21
79,CHEMBL74814,600.0,nM,O=S(=O)(c1ccccc1)c1ccc(O)nn1
80,CHEMBL72368,1900.0,nM,Cc1ccc(S(=O)(=O)c2ccc(O)nn2)cc1
81,CHEMBL74579,210.0,nM,O=S(=O)(c1ccc(O)nn1)c1ccccc1Br
82,CHEMBL56123,3090.0,nM,C[C@H]1C[C@@]2(NC(=O)NC2=O)c2cc(Cl)cnc2O1
83,CHEMBL56424,130.0,nM,C[C@@H]1C[C@]2(NC(=O)NC2=O)c2cc(Cl)c[n+]([O-])c2O1
84,CHEMBL292666,1130.0,nM,C[C@@H]1C[C@]2(NC(=O)NC2=O)c2cc(F)cnc2O1
85,CHEMBL293579,7220.0,nM,C[C@@H]1C[C@]2(NC(=O)NC2=O)c2cccnc2O1
86,CHEMBL56453,25.0,nM,C[C@@H]1C[C@]2(NC(=O)NC2=O)c2cc(Cl)cnc2O1
87,CHEMBL54342,500.0,nM,C[C@@H]1C[C@]2(NC(=O)NC2=O)c2cc(Br)cnc2O1
88,CHEMBL292437,6450.0,nM,O=C1NC(=O)[C@@]2(CCOc3ncc(Cl)cc32)N1
89,CHEMBL294612,890.0,nM,C[C@H]1C[C@]2(NC(=O)NC2=O)c2cc(Cl)cnc2O1
90,CHEMBL273910,12.2,nM,O=C1CC2(C(=O)N1)C(=O)N(Cc1ccc(Br)cc1F)C(=O)c1ccc(F)cc12
91,CHEMBL62685,19.4,nM,O=C1CC2(C(=O)N1)C(=O)N(Cc1ccc(Br)cc1F)C(=O)c1ccccc12
92,CHEMBL65472,4000.0,nM,NN1C(=O)Nc2ccccc2C12NC(=O)NC2=O
93,CHEMBL293869,310.0,nM,CN1C(=O)Nc2ccccc2[C@@]12NC(=O)NC2=O
94,CHEMBL63389,1000.0,nM,CCN1C(=O)Nc2ccccc2C12NC(=O)NC2=O
95,CHEMBL63527,470.0,nM,CN1C(=O)Nc2ccc([N+](=O)[O-])c(Cl)c2C12NC(=O)NC2=O
96,CHEMBL63640,140.0,nM,CN1C(=O)Nc2c(cc(F)c(F)c2F)C12NC(=O)NC2=O
97,CHEMBL66476,46.0,nM,CN1C(=O)Nc2c([N+](=O)[O-])cc(Cl)cc2C12NC(=O)NC2=O
98,CHEMBL292723,22.0,nM,CN1C(=O)Nc2ccc(Cl)cc2[C@@]12NC(=O)NC2=O
99,CHEMBL63401,6200.0,nM,CN1C(=O)Nc2ccc(OC(=O)/C=C/c3ccccc3)cc2C12NC(=O)NC2=O
100,CHEMBL63855,1400.0,nM,O=C1NC(=O)C2(N1)NC(=O)Nc1ccccc12
101,CHEMBL66192,390.0,nM,CC(C)CN1C(=O)N(C)C2(NC(=O)NC2=O)c2ccccc21
102,CHEMBL305353,1800.0,nM,CN1C(=O)Nc2cc3c(cc2C12NC(=O)NC2=O)OCO3
103,CHEMBL62906,4500.0,nM,COc1ccc2c(c1)C1(NC(=O)NC1=O)N(C)C(=O)N2
104,CHEMBL66636,800.0,nM,CN1C(=O)N(C)C2(NC(=O)NC2=O)c2ccccc21
105,CHEMBL66637,120.0,nM,CN1C(=O)Nc2cc(Cl)c([N+](=O)[O-])cc2C12NC(=O)NC2=O
106,CHEMBL292998,72.0,nM,COc1c(Cl)cc2c(c1Cl)NC(=O)N(C)C21NC(=O)NC1=O
107,CHEMBL66588,100.0,nM,CN1C(=O)Nc2ccc(F)cc2C12NC(=O)NC2=O
108,CHEMBL416870,37.0,nM,CN1C(=O)Nc2c(Cl)cc(Cl)cc2C12NC(=O)NC2=O
109,CHEMBL291842,800.0,nM,Cc1ccc2c(c1)C1(NC(=O)NC1=O)N(C)C(=O)N2
110,CHEMBL304050,2000.0,nM,CN1C(=O)Nc2ccc(OC(=O)c3ccccc3)cc2C12NC(=O)NC2=O
111,CHEMBL303058,52.0,nM,CN1C(=O)Nc2ccc(Br)cc2C12NC(=O)NC2=O
112,CHEMBL304257,240.0,nM,CCOC(=O)c1ccc2c(c1)C1(NC(=O)NC1=O)N(C)C(=O)N2
113,CHEMBL65385,59.0,nM,COc1cc2c(cc1Cl)C1(NC(=O)NC1=O)N(C)C(=O)N2
114,CHEMBL63778,64.0,nM,CN1C(=O)Nc2ccc(F)cc2[C@@]12NC(=O)NC2=O
115,CHEMBL65701,770.0,nM,CN1C(=O)Nc2ccc(Cl)cc2[C@]12NC(=O)NC2=O
116,CHEMBL303362,74.0,nM,CN1C(=O)Nc2cc(Cl)c(Cl)cc2C12NC(=O)NC2=O
117,CHEMBL63974,30.0,nM,Cc1cc2c(cc1Cl)C1(NC(=O)NC1=O)N(C)C(=O)N2
118,CHEMBL61955,430.0,nM,CN1C(=O)Nc2cc(N3CCOCC3)c([N+](=O)[O-])cc2C12NC(=O)NC2=O
119,CHEMBL291854,94.0,nM,CN1C(=O)Nc2cc(Cl)ccc2C12NC(=O)NC2=O
120,CHEMBL63429,73.0,nM,CN1C(=O)Nc2ccc([N+](=O)[O-])cc2C12NC(=O)NC2=O
121,CHEMBL65659,220.0,nM,Cc1ccc2c(c1)NC(=O)N(C)C21NC(=O)NC1=O
122,CHEMBL65316,480.0,nM,CN1C(=O)Nc2cc([N+](=O)[O-])ccc2C12NC(=O)NC2=O
123,CHEMBL63780,4500.0,nM,CN1C(=O)Nc2ccc(F)cc2[C@]12NC(=O)NC2=O
124,CHEMBL63866,860.0,nM,CN1C(=O)Nc2cccc(Cl)c2C12NC(=O)NC2=O
125,CHEMBL66152,3400.0,nM,CN1C(=O)Nc2ccccc2[C@]12NC(=O)NC2=O
126,CHEMBL65870,280.0,nM,CN1C(=O)Nc2ccccc2C12NC(=O)NC2=O
127,CHEMBL65372,56.0,nM,CN1C(=O)Nc2ccc(Cl)cc2C12NC(=O)NC2=O
128,CHEMBL293475,360.0,nM,COc1ccc2c(c1)NC(=O)N(C)C21NC(=O)NC1=O
129,CHEMBL303779,42.0,nM,CN1C(=O)Nc2c(F)cccc2C12NC(=O)NC2=O
130,CHEMBL65731,260.0,nM,CN1C(=O)Nc2c([N+](=O)[O-])cc([N+](=O)[O-])cc2C12NC(=O)NC2=O
131,CHEMBL65181,130.0,nM,CN1C(=O)Nc2c(N)cc(Cl)cc2C12NC(=O)NC2=O
132,CHEMBL63812,400.0,nM,Cc1cccc2c1C1(NC(=O)NC1=O)N(C)C(=O)N2
133,CHEMBL268961,20000.0,nM,O=C1NC(=O)C2(CCOc3ccc(F)cc32)N1
134,CHEMBL424485,2100.0,nM,O=C(O)Cc1nn(CC(=O)Nc2ccc(C(F)(F)F)cc2)c(=O)c2ccccc12
135,CHEMBL140750,52.0,nM,O=C(O)Cc1nn(C/C(S)=N/c2cccc(C(F)(F)F)c2)c(=O)c2ccccc12
136,CHEMBL2111987,470.0,nM,O=C(O)Cc1nn(Cc2noc(-c3ccccc3C(F)(F)F)n2)c(=O)c2ccccc12
137,CHEMBL140042,660.0,nM,O=C(O)Cc1nn(Cc2ncc(-c3ccccc3)o2)c(=O)c2ccccc12
138,CHEMBL356789,1100.0,nM,O=C(O)Cc1nn(CC(=O)Nc2cc(C(F)(F)F)cc(C(F)(F)F)c2)c(=O)c2ccccc12
139,CHEMBL422647,6.4,nM,Cc1ccccc1-c1noc(Cn2nc(CC(=O)O)c3ccccc3c2=O)n1
140,CHEMBL143863,170.0,nM,O=C(O)Cc1nn(CC(=O)Nc2cc(F)cc(F)c2O)c(=O)c2ccccc12
141,CHEMBL423187,8200.0,nM,O=C(O)Cc1nn(Cc2csc(-c3ccccc3)n2)c(=O)c2ccccc12
142,CHEMBL143708,2200.0,nM,O=C(O)Cc1nn(CC(=O)Nc2cc(C(F)(F)F)cc(C(F)(F)F)c2Br)c(=O)c2ccccc12
143,CHEMBL342786,870.0,nM,O=C(O)Cc1nn(Cc2cc3ccccc3[nH]2)c(=O)c2ccccc12
144,CHEMBL356286,630.0,nM,O=C(O)Cc1nn(Cc2nc(-c3ccc(F)cc3F)no2)c(=O)c2ccccc12
145,CHEMBL358550,3100.0,nM,O=C(O)Cc1nn(Cc2nnc(-c3ccccc3)o2)c(=O)c2ccccc12
146,CHEMBL143387,460.0,nM,O=C(O)Cc1nn(Cc2csc(-c3ccccc3F)n2)c(=O)c2ccccc12
147,CHEMBL143117,59000.0,nM,O=C(O)Cc1nn(Cc2ccc3ccccc3n2)c(=O)c2ccccc12
148,CHEMBL143569,720.0,nM,O=C(O)Cc1nn(Cc2snc3ccccc23)c(=O)c2ccccc12
149,CHEMBL142790,32.0,nM,O=C(O)Cc1nn(Cc2nc3cc(Cl)cc(Cl)c3o2)c(=O)c2ccccc12
150,CHEMBL143872,420.0,nM,O=C(O)Cc1nn(Cc2cc3cccnc3s2)c(=O)c2ccccc12
151,CHEMBL342974,200.0,nM,O=C(O)Cc1nn(CC(=O)Nc2cc(C(F)(F)F)ccc2O)c(=O)c2ccccc12
152,CHEMBL142989,31.0,nM,O=C(O)Cc1nn(Cc2nc3cc(C(F)(F)F)ccc3o2)c(=O)c2ccccc12
153,CHEMBL140199,34.0,nM,O=C(O)Cc1nn(Cc2nc(-c3ccccc3)cs2)c(=O)c2ccccc12
154,CHEMBL357206,156.0,nM,O=C(O)Cc1nn(Cc2nc(-c3ccccn3)no2)c(=O)c2ccccc12
155,CHEMBL143231,160.0,nM,O=C(O)Cc1nn(Cc2nc(-c3ccccc3)no2)c(=O)c2ccccc12
156,CHEMBL142542,2200.0,nM,O=C(O)Cc1nn(Cc2nc(-c3ccccc3)ns2)c(=O)c2ccccc12
157,CHEMBL142274,89.0,nM,O=C(O)Cc1nn(Cc2nc3ccccc3o2)c(=O)c2ccccc12
158,CHEMBL345068,23.0,nM,O=C(O)Cc1nn(Cc2nc(-c3ccccc3Cl)no2)c(=O)c2ccccc12
159,CHEMBL344526,37.0,nM,O=C(O)Cc1nn(Cc2cn3ccc(Cl)cc3n2)c(=O)c2ccccc12
160,CHEMBL142512,3000.0,nM,O=C(O)Cc1nn(Cc2nc3cc4ccccc4cc3o2)c(=O)c2ccccc12
161,CHEMBL341864,6.5,nM,O=C(O)Cc1nn(Cc2nc(-c3ccccc3Br)no2)c(=O)c2ccccc12
162,CHEMBL141013,200.0,nM,O=C(O)Cc1nn(C/C(S)=N/c2cc(C(F)(F)F)ccc2Br)c(=O)c2ccccc12
163,CHEMBL143211,78.0,nM,O=C(O)Cc1nn(Cc2nc3cc(Cl)ccc3o2)c(=O)c2ccccc12
164,CHEMBL335376,4600.0,nM,O=C(O)Cc1nn(Cc2nc(-c3ccc(Br)cc3)no2)c(=O)c2ccccc12
165,CHEMBL342887,1100.0,nM,O=C(O)Cc1nn(Cc2nc(-c3ccccc3Cl)ns2)c(=O)c2ccccc12
166,CHEMBL143234,3.2,nM,O=C(O)Cc1nn(Cc2nc3cc(F)cc(F)c3o2)c(=O)c2ccccc12
167,CHEMBL342339,120.0,nM,O=C(O)Cc1nn(Cc2cc3ccccc3s2)c(=O)c2ccccc12
168,CHEMBL141390,220.0,nM,O=C(O)Cc1nn(Cc2nc(-c3ccccc3C(F)(F)F)no2)c(=O)c2ccccc12
169,CHEMBL2111988,28.0,nM,O=C(O)Cc1nn(Cc2noc(-c3ccccc3Cl)n2)c(=O)c2ccccc12
170,CHEMBL143633,13.0,nM,O=C(O)Cc1nn(CC(=O)Nc2cccc(Cl)c2)c(=O)c2ccccc12
171,CHEMBL358792,27.0,nM,O=C(O)Cc1nn(Cc2nc3cc(Br)ccc3o2)c(=O)c2ccccc12
172,CHEMBL143903,540.0,nM,O=C(O)Cc1nn(Cc2nc3ccc(Br)cc3o2)c(=O)c2ccccc12
173,CHEMBL142647,2200.0,nM,O=C(O)Cc1nn(Cc2cc3cc([N+](=O)[O-])ccc3s2)c(=O)c2ccccc12
174,CHEMBL344057,19.0,nM,O=C(O)Cc1nn(CC(=O)Nc2cccc(C(F)(F)F)c2)c(=O)c2ccccc12
175,CHEMBL141135,250.0,nM,O=C(O)Cc1nn(Cc2cc3cc(Cl)ccc3s2)c(=O)c2ccccc12
176,CHEMBL143098,19.0,nM,O=C(O)Cc1nn(Cc2nc(-c3cccc(F)c3F)no2)c(=O)c2ccccc12
177,CHEMBL357074,430.0,nM,O=C(O)Cc1nn(CC(=O)Nc2ccccc2Cl)c(=O)c2ccccc12
178,CHEMBL357460,150.0,nM,O=C(O)Cc1nn(Cc2cc3cc(F)ccc3s2)c(=O)c2ccccc12
179,CHEMBL142934,4200.0,nM,Cn1c(Cn2nc(CC(=O)O)c3ccccc3c2=O)nc2ccccc21
180,CHEMBL142599,28.0,nM,O=C(O)Cc1nn(CC(=O)Nc2cc(C(F)(F)F)ccc2Br)c(=O)c2ccccc12
181,CHEMBL142110,4900.0,nM,O=C(O)Cc1nn(CC(=O)Nc2ccccc2)c(=O)c2ccccc12
182,CHEMBL139898,6100.0,nM,O=C(O)Cc1nn(Cc2nc3cc(-c4ccccc4)ccc3o2)c(=O)c2ccccc12
183,CHEMBL422824,1000.0,nM,O=C(O)Cc1nn(Cc2cc3cc(Br)ccc3s2)c(=O)c2ccccc12
184,CHEMBL356545,470.0,nM,COc1ccccc1-c1noc(Cn2nc(CC(=O)O)c3ccccc3c2=O)n1
185,CHEMBL140012,50.0,nM,O=C(O)Cc1nn(C/C(S)=N/c2cccc(Cl)c2)c(=O)c2ccccc12
186,CHEMBL143551,150.0,nM,O=C(O)Cc1nn(Cc2cc3cc(Cl)ccc3o2)c(=O)c2ccccc12
187,CHEMBL143241,240.0,nM,O=C(O)Cc1nn(Cc2nc(-c3c(F)cccc3Cl)no2)c(=O)c2ccccc12
188,CHEMBL344245,4500.0,nM,O=C(O)Cc1nn(Cc2nc(-c3ccccc3)c(-c3ccccc3)o2)c(=O)c2ccccc12
189,CHEMBL142704,5900.0,nM,O=C(O)Cc1nn(CC(=O)Nc2ccccc2C(F)(F)F)c(=O)c2ccccc12
190,CHEMBL142879,110.0,nM,O=C(O)Cc1nn(Cc2cc3c(Cl)cccc3s2)c(=O)c2ccccc12
191,CHEMBL342524,440.0,nM,O=C(O)Cc1nn(CC(=O)Nc2ccc(Cl)cc2)c(=O)c2ccccc12
192,CHEMBL140980,3200.0,nM,O=C(O)Cc1nn(Cc2nc(-c3ccccc3)co2)c(=O)c2ccccc12
193,CHEMBL139666,22.0,nM,O=C(O)Cc1nn(CC(=O)Nc2cccc(F)c2)c(=O)c2ccccc12
194,CHEMBL140375,10000.0,nM,O=C(O)Cc1nn(Cc2csnc2-c2ccccc2)c(=O)c2ccccc12
195,CHEMBL357435,670.0,nM,O=C(O)Cc1nn(Cc2cc(-c3ccccc3)ns2)c(=O)c2ccccc12
196,CHEMBL7603,500.0,nM,CCOC(=O)C1=C(O)C(=O)N(Cc2ccc(Br)cc2)C1
197,CHEMBL7304,3300.0,nM,CCOC(=O)C1=C(O)C(=O)N(Cc2ccco2)C1
198,CHEMBL266773,200.0,nM,CCOC(=O)C1=C(O)C(=O)N(Cc2ccncc2)C1
199,CHEMBL266772,2300.0,nM,CCOC(=O)C1=C(O)C(=O)N(Cc2ccccc2Cl)C1
200,CHEMBL7461,2500.0,nM,CCOC(=O)C1=C(O)C(=O)N(CCc2ccccc2)C1
201,CHEMBL7541,2600.0,nM,COC(=O)C1=C(O)C(=O)N(Cc2ccccc2)C1
202,CHEMBL414208,410.0,nM,CCOC(=O)C1=C(O)C(=O)N(Cc2ccc(OC)cc2)C1
203,CHEMBL7658,2300.0,nM,CCOC(=O)C1=C(O)C(=O)N(Cc2cccc3ccccc23)C1
204,CHEMBL269089,840.0,nM,CCOC(=O)C1=C(O)C(=O)N([C@H](C)c2ccccc2)C1
205,CHEMBL7749,1900.0,nM,CCCOC(=O)C1=C(O)C(=O)N(Cc2ccccc2)C1
206,CHEMBL6828,440.0,nM,CCOC(=O)C1=C(O)C(=O)N(Cc2ccccn2)C1
207,CHEMBL7183,310.0,nM,CCOC(=O)C1=C(O)C(=O)N(Cc2ccc(Cl)cc2)C1
208,CHEMBL7224,300.0,nM,CCOC(=O)C1=C(O)C(=O)N(C2c3ccccc3-c3ccccc32)C1
209,CHEMBL6944,380.0,nM,CCOC(=O)C1=C(O)C(=O)N(Cc2cccs2)C1
210,CHEMBL269550,260.0,nM,CCOC(=O)C1=C(O)C(=O)N(Cc2ccccc2)C1
211,CHEMBL7415,240.0,nM,CCOC(=O)C1=C(O)C(=O)N(Cc2ccc(Cl)c(Cl)c2)C1
212,CHEMBL267651,1200.0,nM,CCOC(=O)C1=C(O)C(=O)N([C@@H](C)c2ccccc2)C1
213,CHEMBL148918,8900.0,nM,Nc1c(Oc2cc(Br)c(Br)c(Br)c2O)cc(Br)c(Br)c1Br
214,CHEMBL357100,5500.0,nM,Oc1c(Oc2c(O)c(Br)c(Br)c(Br)c2Br)cc(Br)c(Br)c1Br
215,CHEMBL150098,6400.0,nM,Oc1c(Br)cc(Br)cc1Oc1c(O)c(Br)c(Br)c(Br)c1Br
216,CHEMBL414496,3200.0,nM,Oc1c(Oc2cc(Br)c(Br)c(Br)c2O)cc(F)c(Br)c1Br
217,CHEMBL150198,3200.0,nM,Oc1c(Oc2cc(Cl)c(Cl)c(Cl)c2O)cc(Cl)c(Cl)c1Cl
218,CHEMBL148864,4400.0,nM,Oc1c(Br)cc(Oc2cc(Br)c(Br)c(Br)c2O)c(O)c1Br
219,CHEMBL151952,5700.0,nM,Oc1c(Oc2cc(Br)c(Br)c(Br)c2O)cc(Br)c(Br)c1Br
220,CHEMBL358713,25000.0,nM,O=C(O)COc1c(Br)cc(Br)cc1Oc1c(Br)c(Br)c(Br)c(Br)c1CC(=O)O
221,CHEMBL84446,9.0,nM,NC(=O)[C@@H]1C[C@]2(NC(=O)NC2=O)c2cc(F)ccc2O1
222,CHEMBL168614,4500.0,nM,O=C(O)c1ccc2nc3cc(O)ccc3c(=O)n2c1
223,CHEMBL82749,5000.0,nM,CCOC(=O)c1cc(=O)c2ccc(O)cc2o1
224,CHEMBL168453,4100.0,nM,O=c1c(Cl)c(-c2nn[nH]n2)oc2ccccc12
225,CHEMBL63055,6500.0,nM,O=C(O)CN1C(=O)c2cccc3cccc(c23)C1=O
226,CHEMBL171315,7100.0,nM,CC1OC(O)C(O)C(O)C1Oc1c(-c2ccc(O)c(O)c2)oc2cc(O)cc(O)c2c1=O
227,CHEMBL166825,3200.0,nM,O=C(OCc1ccccc1)c1cc(=O)c2ccc(O)cc2o1
228,CHEMBL422920,1800.0,nM,O=C(O)C1=CC(=O)C2C=CC(O)=CC2O1
229,CHEMBL170853,7300.0,nM,CCOC(=O)C(=O)Nc1cc([N+](=O)[O-])cc(C(=O)O)c1O
230,CHEMBL170943,4300.0,nM,CC(C)OC(=O)c1cc(=O)c2ccc(O)cc2o1
231,CHEMBL171055,1800.0,nM,O=C(O)c1cc(=O)c2ccc(O)cc2o1
232,CHEMBL56337,10.0,nM,CC(/C=C1\SC(=S)N(CC(=O)O)C1=O)=C\c1ccccc1
233,CHEMBL20441,100.0,nM,O=C(O)Cc1nn(Cc2nc3c(O)cccc3s2)c(=O)c2ccccc12
234,CHEMBL20581,76.0,nM,O=C(O)Cc1nn(Cc2nc3ccc(Cl)cc3s2)c(=O)c2ccccc12
235,CHEMBL20885,3200.0,nM,CC(C)c1ccc2nc(Cn3nc(CC(=O)O)c4ccccc4c3=O)sc2c1
236,CHEMBL281407,81.0,nM,O=C(O)Cc1nn(CSc2nc3ccccc3s2)c(=O)c2ccccc12
237,CHEMBL283151,37.0,nM,CC(c1nc2cc(C(F)(F)F)ccc2s1)n1nc(CC(=O)O)c2ccccc2c1=O
238,CHEMBL430911,4300.0,nM,C[S+]([O-])c1ccc2sc(Cn3nc(CC(=O)O)c4ccccc4c3=O)nc2c1
239,CHEMBL284018,27.0,nM,Cc1ccc2c(=O)n(Cc3nc4ccccc4s3)nc(CC(=O)O)c2c1
240,CHEMBL20169,3.1,nM,O=C(O)Cc1nn(Cc2nc3cc(Br)ccc3s2)c(=O)c2ccccc12
241,CHEMBL20253,110.0,nM,O=C(O)Cc1nn(Cc2nc3cc(Cl)c(F)cc3s2)c(=O)c2ccccc12
242,CHEMBL280361,4300.0,nM,COc1cc2sc(Cn3nc(CC(=O)O)c4ccccc4c3=O)nc2cc1C(F)(F)F
243,CHEMBL20304,42.0,nM,Cc1cccc2c(CC(=O)O)nn(Cc3nc4c(ccc5ccccc54)s3)c(=O)c12
244,CHEMBL19162,700.0,nM,COc1cc(OC)c2sc(Cn3nc(CC(=O)O)c4ccccc4c3=O)nc2c1
245,CHEMBL277708,1400.0,nM,O=C(O)Cc1nn(Cc2nc3cc(C(F)(F)F)cc(C(F)(F)F)c3s2)c(=O)c2ccccc12
246,CHEMBL19759,28.0,nM,COc1ccc2c(=O)n(Cc3nc4ccccc4s3)nc(CC(=O)O)c2c1
247,CHEMBL20365,320.0,nM,Cc1ccc2nc(Cn3nc(CC(=O)O)c4ccccc4c3=O)sc2c1F
248,CHEMBL278583,620.0,nM,O=C(O)Cc1nn(Cc2nc3cc(Cl)cc(C(F)(F)F)c3s2)c(=O)c2ccccc12
249,CHEMBL19373,100.0,nM,COc1cccc2sc(Cn3nc(CC(=O)O)c4ccccc4c3=O)nc12
250,CHEMBL20115,100.0,nM,O=C(O)Cc1nn(Cc2nc3cc(F)cc(C(F)(F)F)c3s2)c(=O)c2ccccc12
251,CHEMBL282017,43.0,nM,CC(c1nc2ccccc2s1)n1nc(CC(=O)O)c2ccccc2c1=O
252,CHEMBL20637,6.3,nM,O=C(O)Cc1nn(Cc2nc3cc(F)cc(F)c3s2)c(=O)c2ccccc12
253,CHEMBL2079662,350.0,nM,O.O=C(O)Cc1nn(Cc2nc3c(ccc4ccccc43)s2)c(=O)c2ccc(Cl)cc12
254,CHEMBL418008,320.0,nM,Cc1ccc2nc(Cn3nc(CC(=O)O)c4ccccc4c3=O)sc2c1
255,CHEMBL282689,5.0,nM,O=C(O)Cc1nn(Cc2nc3c(F)ccc(F)c3s2)c(=O)c2ccccc12
256,CHEMBL20116,33.0,nM,O=C(O)Cc1nn(Cc2nc3ccccc3s2)c(=O)c2cc([N+](=O)[O-])ccc12
257,CHEMBL283364,100.0,nM,O=C(O)Cc1nn(Cc2nc3c(Cl)c(Cl)ccc3s2)c(=O)c2ccccc12
258,CHEMBL20925,420.0,nM,O=C(O)Cc1nn(Cc2nc3cc(Cl)c(Cl)cc3s2)c(=O)c2ccccc12
259,CHEMBL20161,5.9,nM,Cc1cc(C)c2sc(Cn3nc(CC(=O)O)c4ccccc4c3=O)nc2c1
260,CHEMBL277935,5700.0,nM,O=C(O)Cc1nn(Cc2cccc(-c3nc4ccccc4s3)c2)c(=O)c2ccccc12
261,CHEMBL281620,140.0,nM,O=C1NC(=O)C2(CN(Cc3ccc(F)cc3)c3ccc(F)cc32)N1
262,CHEMBL19701,17.0,nM,O=C(O)Cc1nn(Cc2nc3cc(C(F)(F)F)cc(F)c3s2)c(=O)c2ccccc12
263,CHEMBL19893,94.0,nM,O=C(O)Cc1nn(Cc2nc3cc(C(F)(F)F)cc(Cl)c3s2)c(=O)c2ccccc12
264,CHEMBL431108,660.0,nM,COc1cc(C(F)(F)F)c2sc(Cn3nc(CC(=O)O)c4ccccc4c3=O)nc2c1
265,CHEMBL20380,2300.0,nM,COc1cc2nc(Cn3nc(CC(=O)O)c4ccccc4c3=O)sc2cc1F
266,CHEMBL279673,1800.0,nM,O=C(O)Cc1nn(Cc2nc3ccc(Br)cc3s2)c(=O)c2cc(Cl)c(Cl)cc12
267,CHEMBL20015,3.5,nM,O=C(O)Cc1nn(Cc2nc3c(Cl)cccc3s2)c(=O)c2ccccc12
268,CHEMBL20220,10.0,nM,O=C(O)Cc1nn(Cc2nc3cccc(C(F)(F)F)c3s2)c(=O)c2ccccc12
269,CHEMBL20884,120.0,nM,O=C(O)Cc1nn(Cc2nc3cc(C(F)(F)F)c(O)cc3s2)c(=O)c2ccccc12
270,CHEMBL416001,6.2,nM,O=C(O)Cc1nn(Cc2nc3cc(F)cc(Cl)c3s2)c(=O)c2ccccc12
271,CHEMBL280168,25.0,nM,O=C(O)Cc1nn(Cc2nc3c(C(F)(F)F)cccc3s2)c(=O)c2ccccc12
272,CHEMBL20199,1700.0,nM,CS(=O)(=O)c1ccc2sc(Cn3nc(CC(=O)O)c4ccccc4c3=O)nc2c1
273,CHEMBL19906,26.0,nM,COc1ccc2c(CC(=O)O)nn(Cc3nc4ccccc4s3)c(=O)c2c1
274,CHEMBL283996,6.9,nM,O=C(O)Cc1nn(Cc2nc3cc(F)ccc3s2)c(=O)c2ccccc12
275,CHEMBL20024,2.0,nM,O=C(O)Cc1nn(Cc2nc3c(F)cccc3s2)c(=O)c2ccccc12
276,CHEMBL422927,10.0,nM,O=C(O)Cc1nn(Cc2nc3c(F)c(F)ccc3s2)c(=O)c2ccccc12
277,CHEMBL418007,60.0,nM,CSc1ccc2sc(Cn3nc(CC(=O)O)c4ccccc4c3=O)nc2c1
278,CHEMBL20575,170.0,nM,O=C(O)Cc1nn(Cc2nc3c(Cl)cc(Cl)cc3s2)c(=O)c2ccccc12
279,CHEMBL278991,4.0,nM,O=C(O)Cc1nn(Cc2nc3cc(Cl)cc(Cl)c3s2)c(=O)c2ccccc12
280,CHEMBL20693,12.0,nM,O=C(O)Cc1nn(Cc2nc3ccccc3s2)c(=O)c2cc(C(F)(F)F)ccc12
281,CHEMBL20197,7.1,nM,O=C(O)Cc1nn(Cc2nc3cc(Cl)ccc3s2)c(=O)c2ccccc12
282,CHEMBL417643,41.0,nM,O=C(O)Cc1nn(Cc2nc3cc(O)ccc3s2)c(=O)c2ccccc12
283,CHEMBL278832,1000.0,nM,O=C(O)Cc1nn(Cc2nc3ccc(O)cc3s2)c(=O)c2ccccc12
284,CHEMBL19289,10.0,nM,O=C(O)Cc1nn(Cc2nc3cccnc3s2)c(=O)c2ccccc12
285,CHEMBL20685,37.0,nM,O=C1NC(=O)C2(CN(Cc3nc4ccccc4s3)c3ccc(Cl)cc32)N1
286,CHEMBL20740,70.0,nM,O=C(O)Cc1nn(Cc2nc3ccc(C(F)(F)F)cc3s2)c(=O)c2ccccc12
287,CHEMBL282263,20.0,nM,O=C(O)Cc1nn(Cc2nc3c(Cl)ccc(Cl)c3s2)c(=O)c2ccccc12
288,CHEMBL283787,18.0,nM,O=C(O)Cc1nn(Cc2nc3ccccc3s2)c(=O)c2ccc(C(F)(F)F)cc12
289,CHEMBL21101,460.0,nM,O=C(O)Cc1nn(CCc2nc3cc(C(F)(F)F)ccc3s2)c(=O)c2ccccc12
290,CHEMBL20756,510.0,nM,O=C(O)Cc1nn(Cc2nc3c(ccc4ccccc43)s2)c(=O)c2ccccc12
291,CHEMBL20796,15.0,nM,O=C(O)Cc1nn(Cc2nc3ccccc3s2)c(=O)c2cc(Cl)ccc12
292,CHEMBL20005,34.0,nM,O=C(O)Cc1nn(Cc2nc3ccccc3s2)c(=O)c2ccc(Cl)cc12
293,CHEMBL19838,420.0,nM,Cc1cccc2c(CC(=O)O)nn(Cc3nc4ccccc4s3)c(=O)c12
294,CHEMBL21136,87.0,nM,O=C(O)Cc1nn(Cc2nc3cc(O)cc(O)c3s2)c(=O)c2ccccc12
295,CHEMBL283984,4200.0,nM,COc1ccc2nc(Cn3nc(CC(=O)O)c4ccccc4c3=O)sc2c1
296,CHEMBL19873,230.0,nM,COc1ccc2sc(Cn3nc(CC(=O)O)c4ccccc4c3=O)nc2c1
297,CHEMBL21038,15.0,nM,O=C(O)Cc1nn(Cc2nc3cccc(Br)c3s2)c(=O)c2ccccc12
298,CHEMBL20306,68.0,nM,O=C(O)Cc1nn(Cc2nc3cc(F)c(F)cc3s2)c(=O)c2ccccc12
299,CHEMBL20440,30.0,nM,O=C(O)Cc1nn(Cc2nc3ccccc3s2)c(=O)c2c(F)cccc12
300,CHEMBL279275,300.0,nM,O=C(O)Cc1nn(Cc2nc3c(ccc4ccccc43)s2)c(=O)c2ccc(Cl)cc12
301,CHEMBL19966,26.0,nM,Cc1ccc2sc(Cn3nc(CC(=O)O)c4ccccc4c3=O)nc2c1
302,CHEMBL20004,26.0,nM,O=C(O)Cc1nn(Cc2nc3ccc(Br)cc3s2)c(=O)c2ccccc12
303,CHEMBL416370,12.0,nM,O=C(O)Cc1nn(Cc2nc3ccccc3s2)c(=O)c2ccc(Br)cc12
304,CHEMBL278522,46.0,nM,O=C(O)Cc1nn(Cc2nc3ccccc3s2)c(=O)c2ccc([N+](=O)[O-])cc12
305,CHEMBL282435,110.0,nM,CC(C)c1ccc2c(CC(=O)O)nn(Cc3nc4ccccc4s3)c(=O)c2c1
306,CHEMBL19958,10.0,nM,O=C(O)Cc1nn(Cc2nc3ccccc3s2)c(=O)c2cc(Cl)c(Cl)cc12
307,CHEMBL20009,26.0,nM,CC(c1nc2cc(Cl)ccc2s1)n1nc(CC(=O)O)c2ccccc2c1=O
308,CHEMBL20207,1.0,nM,O=C(O)Cc1nn(Cc2nc3cccc(Cl)c3s2)c(=O)c2ccccc12
309,CHEMBL20518,5.0,nM,O=C(O)Cc1nn(Cc2nc3cc(Cl)cc(F)c3s2)c(=O)c2ccccc12
310,CHEMBL279666,690.0,nM,O=C(O)Cc1nn(Cc2nc3ccccc3s2)c(=O)c2cc(Br)ccc12
311,CHEMBL277928,110.0,nM,CC(C)c1ccc2c(=O)n(Cc3nc4ccccc4s3)nc(CC(=O)O)c2c1
312,CHEMBL262701,5500.0,nM,CN1C(C(=O)Nc2nc3ccccc3s2)=C(O)c2ccccc2S1(=O)=O
313,CHEMBL75244,100000.0,nM,O=C(O)Cc1ccc2c(c1)CCc1cc(O)ccc1C2=O
314,CHEMBL538917,830.0,nM,O=C(O)Cc1ccc2c(c1)CCc1ccc(O)cc1C2=O
315,CHEMBL74025,160000.0,nM,O=C(O)Cc1ccc2c(c1)CCc1ccccc1C2=O
316,CHEMBL312109,330.0,nM,O=C(O)Cc1ccc2c(c1)OCc1ccccc1C2=O
317,CHEMBL571,180000.0,nM,CC(C(=O)O)c1cccc(C(=O)c2ccccc2)c1
318,CHEMBL306710,3100.0,nM,CC(C(=O)O)c1ccc2c(=O)c3ccccc3ccc2c1
319,CHEMBL74436,5000.0,nM,O=C(O)Cc1ccc2c(c1O)CCc1ccccc1C2=O
320,CHEMBL77283,760.0,nM,O=C(O)Cc1cc(O)c2c(=O)c3ccccc3ccc2c1
321,CHEMBL75630,2700.0,nM,CC(C(=O)O)c1cc(O)c2c(=O)c3ccccc3ccc2c1
322,CHEMBL75245,700.0,nM,O=C(O)Cc1ccc2c(c1)SCc1ccccc1C2=O
323,CHEMBL432929,280000.0,nM,O=C(O)Cc1ccc2c(c1)CCc1cccc(O)c1C2=O
324,CHEMBL312290,110000.0,nM,O=C(O)Cc1cc(O)c2c(c1)CCc1ccccc1C2=O
325,CHEMBL77601,1000.0,nM,O=C(O)Cc1ccc2c(=O)c3ccccc3ccc2c1
326,CHEMBL311679,770.0,nM,O=C1Cc2ccc3c(c2O1)CCc1ccccc1C3=O
327,CHEMBL23588,100000.0,nM,O=C(O)c1ccccc1Nc1cccc(C(F)(F)F)c1
328,CHEMBL6,6000.0,nM,COc1ccc2c(c1)c(CC(=O)O)c(C)n2C(=O)c1ccc(Cl)cc1
329,CHEMBL77692,210.0,nM,CC(C(=O)O)c1cc(O)c2c(c1)CCc1ccccc1C2=O
330,CHEMBL304945,1670.0,nM,C[C@@H]1C[C@@](O)(CC(=O)O)c2cc(Br)ccc2O1
331,CHEMBL304302,70.0,nM,C[C@@H]1C[C@@](O)(CC(=O)O)c2cc(Cl)c(Br)cc2O1
332,CHEMBL68091,570.0,nM,CC(C)[C@@H]1C[C@@](O)(CC(=O)O)c2cc(F)ccc2O1
333,CHEMBL304797,2670.0,nM,O=C(O)C[C@]1(O)C[C@@H](c2ccccc2)Oc2ccc(F)cc21
334,CHEMBL308882,1630.0,nM,C[C@@H]1C[C@@](O)(CC(=O)O)C2=C(C=CCC2(C)[N+](=O)[O-])O1
335,CHEMBL69689,240.0,nM,Cc1cc2c(cc1Cl)[C@](O)(CC(=O)O)C[C@@H](C)O2
336,CHEMBL302014,11000.0,nM,C[C@@H]1COc2ccc(F)cc2[C@]1(O)CC(=O)O
337,CHEMBL306687,1140.0,nM,O=C(O)C[C@]1(O)C[C@@H](CCc2ccccc2)Oc2ccc(F)cc21
338,CHEMBL303474,110.0,nM,C[C@@H]1C[C@@](O)(CC(=O)O)c2cc([N+](=O)[O-])c(Cl)cc2O1
339,CHEMBL68992,190.0,nM,COc1cc2c(cc1Cl)[C@](O)(CC(=O)O)C[C@@H](C)O2
340,CHEMBL67264,400.0,nM,CC1(C)C[C@@](O)(CC(=O)O)c2cc([N+](=O)[O-])ccc2O1
341,CHEMBL67751,1920.0,nM,O=C(O)C[C@@]1(O)c2cc(F)ccc2O[C@@H]2CCC[C@@H]21
342,CHEMBL70014,5620.0,nM,C[C@@H]1C[C@@](O)(CC(=O)O)c2cc(Cl)c(Cl)cc2O1
343,CHEMBL307121,390.0,nM,C[C@@H]1C[C@@](O)(CC(=O)O)c2cc(Cl)c(F)cc2O1
344,CHEMBL71820,250.0,nM,C[C@@H]1C[C@@](O)(CC(=O)O)c2cc(F)c(F)cc2O1
345,CHEMBL304798,360.0,nM,CC(C)(C)[C@@H]1C[C@@](O)(CC(=O)O)c2cc(F)ccc2O1
346,CHEMBL303218,45.5,nM,C[C@@H]1C[C@@](O)(CC(=O)O)c2cc(F)c(Cl)cc2O1
347,CHEMBL304782,5700.0,nM,C[C@@H]1C[C@@](O)(CC(=O)O)c2cccc(Cl)c2O1
348,CHEMBL69818,29400.0,nM,C[C@@H]1[C@@H](C)Oc2ccc(F)cc2[C@]1(O)CC(=O)O
349,CHEMBL70116,8220.0,nM,C[C@@H]1C[C@@](O)(CC(=O)O)c2cc(S(C)(=O)=O)ccc2O1
350,CHEMBL306429,43500.0,nM,C[C@@H]1C[C@@](O)(CC(=O)O)c2c(Cl)cccc2O1
351,CHEMBL68635,600.0,nM,O=C(O)C[C@]1(O)CCOc2ccc(F)cc21
352,CHEMBL69104,281000.0,nM,COc1ccc2c(c1)[C@](O)(CC(=O)O)C[C@@H](C)O2
353,CHEMBL71594,13100.0,nM,C[C@@H]1C[C@@](O)(CC(=O)O)c2c(Cl)ccc(Cl)c2O1
354,CHEMBL302055,11000.0,nM,O=C(O)C[C@@]1(O)c2cc(F)ccc2O[C@@H]2CCCC[C@@H]21
355,CHEMBL69280,11300.0,nM,Cc1ccc2c(c1)[C@](O)(CC(=O)O)C[C@@H](C)O2
356,CHEMBL305985,100.0,nM,CCc1cc2c(cc1Cl)[C@](O)(CC(=O)O)C[C@@H](C)O2
357,CHEMBL69938,60.0,nM,C[C@@H]1C[C@@](O)(CC(=O)O)c2cc(Cl)c(OCc3ccccc3)cc2O1
358,CHEMBL71701,200.0,nM,C[C@@H]1C[C@@](O)(CC(=O)O)c2cc(F)ccc2O1
359,CHEMBL69708,820.0,nM,C[C@@H]1C[C@@](O)(CC(=O)O)c2cc(Cl)ccc2O1
360,CHEMBL66326,1180.0,nM,Cc1cc(Cl)cc2c1O[C@H](C)C[C@@]2(O)CC(=O)O
361,CHEMBL69675,5160.0,nM,C[C@@H]1C[C@@](O)(CC(=O)O)c2cc(Br)cc(Cl)c2O1
362,CHEMBL67806,3460.0,nM,CC1(C)C[C@@](O)(CC(=O)O)c2cc(F)ccc2O1
363,CHEMBL69277,14800.0,nM,C[C@@H]1C[C@@](O)(CC(=O)O)c2ccccc2O1
364,CHEMBL307305,29400.0,nM,C[C@@H]1C[C@@](O)(CC(=O)O)c2c(Cl)cc(Cl)cc2O1
365,CHEMBL302804,90.0,nM,Cc1cc2c(cc1[N+](=O)[O-])[C@](O)(CC(=O)O)C[C@@H](C)O2
366,CHEMBL69546,80.0,nM,C[C@@H]1C[C@@](O)(CC(=O)O)c2cc([N+](=O)[O-])ccc2O1
367,CHEMBL420550,4500.0,nM,C[C@@H]1C[C@@](O)(CC(=O)O)c2c(ccc(F)c2Br)O1
368,CHEMBL69870,1630.0,nM,C[C@@H]1C[C@@](O)(CC(=O)O)c2c(ccc(Cl)c2Cl)O1
369,CHEMBL303731,5420.0,nM,C[C@@H]1C[C@@](O)(CC(=O)O)c2ccc(F)cc2O1
370,CHEMBL308920,7650.0,nM,O=C(O)C[C@]1(O)C[C@@H](C(=O)c2ccc(Cl)c(Cl)c2)Oc2ccc(F)cc21
371,CHEMBL69646,650.0,nM,CC(=O)c1ccc2c(c1)[C@](O)(CC(=O)O)C[C@@H](C)O2
372,CHEMBL65967,780.0,nM,C[C@@H]1C[C@@](O)(CC(=O)O)c2ccc(Cl)c(Cl)c2O1
373,CHEMBL71562,970.0,nM,CCC[C@@H]1C[C@@](O)(CC(=O)O)c2cc(F)ccc2O1
374,CHEMBL306591,620.0,nM,CC[C@@H]1C[C@@](O)(CC(=O)O)c2cc(F)ccc2O1
375,CHEMBL305986,3320.0,nM,C[C@@H]1C[C@@](O)(CC(=O)O)c2ccc(Cl)cc2O1
376,CHEMBL69769,70.0,nM,C[C@@H]1C[C@@](O)(CC(=O)O)c2cc([N+](=O)[O-])c(F)cc2O1
377,CHEMBL69586,910.0,nM,C[C@H]1Oc2ccc(F)cc2[C@](O)(CC(=O)O)[C@H]1C
378,CHEMBL303952,1000.0,nM,C[C@@H]1C[C@@](O)(CC(=O)O)c2cc(Cl)cc(Cl)c2O1
379,CHEMBL441254,130.0,nM,C[C@@H]1C[C@@](O)(CC(=O)O)c2cc(C#N)c(F)cc2O1
380,CHEMBL421111,400.0,nM,C[C@@H]1C[C@@](O)(CC(=O)O)c2cc(Cl)c3ccccc3c2O1
381,CHEMBL414676,1860.0,nM,CC1(C)C[C@@](O)(CC(=O)O)c2cc(Cl)c(Cl)cc2O1
382,CHEMBL73395,14800.0,nM,CC1(C)C[C@@](O)(CC(=O)O)c2c(ccc(Cl)c2Cl)O1
383,CHEMBL68624,95500.0,nM,C[C@@H]1C[C@@](O)(CC(=O)O)c2c(ccc(Cl)c2[N+](=O)[O-])O1
384,CHEMBL1744091,1390.0,nM,C1CCC(NC2CCCCC2)CC1.O=C(O)C[C@]1(O)C[C@@H](C(=O)c2ccccc2)Oc2ccc(F)cc21
385,CHEMBL70190,70.0,nM,C[C@@H]1C[C@@](O)(CC(=O)O)c2ccc(C(=O)O)cc2O1
386,CHEMBL68963,90.0,nM,C[C@@H]1C[C@@](O)(CC(=O)O)c2cc(F)c(Br)cc2O1
387,CHEMBL84060,570.0,nM,NC(=O)[C@H]1C[C@]2(NC(=O)NC2=O)c2cc(F)ccc2O1
388,CHEMBL189464,11000.0,nM,NC(=O)[C@@H]1C[C@@]2(NC(=O)NC2=O)c2cc(F)ccc2O1
389,CHEMBL363040,40000.0,nM,NC(=O)[C@H]1C[C@@]2(NC(=O)NC2=O)c2cc(F)ccc2O1
390,CHEMBL410917,99.0,nM,O=C(O)Cn1cc(Cc2nc3cc(C(F)(F)F)ccc3s2)c2ccccc21
391,CHEMBL192453,100.0,nM,Cc1ccc2c(c1)c(Cc1nc3cc(C(F)(F)F)ccc3s1)cn2CC(=O)O
392,CHEMBL371122,130.0,nM,O=C(O)Cn1cc(Cc2nc3cc(C(F)(F)F)ccc3s2)c2cc(Cl)ccc21
393,CHEMBL191570,52.0,nM,O=C(O)Cn1cc(Cc2nc3cc(C(F)(F)F)ccc3s2)c2ccc(Br)cc21
394,CHEMBL192213,660.0,nM,O=C(O)Cn1cc(Cc2nc3ccc(Cl)cc3s2)c2ccccc21
395,CHEMBL372902,34.0,nM,O=C(O)Cn1cc(Cc2nc3c(F)cccc3s2)c2ccccc21
396,CHEMBL193569,9.0,nM,O=C(O)Cn1cc(Cc2nc3cc(F)ccc3s2)c2ccccc21
397,CHEMBL193570,1000.0,nM,O=C(O)Cn1cc(Cc2nc3ccc(F)cc3s2)c2ccccc21
398,CHEMBL364313,55.0,nM,O=C(O)Cn1cc(Cc2nc3cccc(F)c3s2)c2ccccc21
399,CHEMBL191951,560.0,nM,O=C(O)Cn1cc(Cc2nc3cc(F)c(F)cc3s2)c2ccccc21
400,CHEMBL192534,690.0,nM,O=C(O)Cn1cc(Cc2nc3c(F)cc(F)cc3s2)c2ccccc21
401,CHEMBL363387,5.0,nM,O=C(O)Cn1cc(Cc2nc3c(F)c(F)cc(F)c3s2)c2ccccc21
402,CHEMBL364235,8.0,nM,Cc1c(Cc2nc3c(F)c(F)cc(F)c3s2)c2ccccc2n1CC(=O)O
403,CHEMBL364699,100.0,nM,O=C(O)Cn1c(-c2ccccc2)c(Cc2nc3c(F)c(F)cc(F)c3s2)c2ccccc21
404,CHEMBL193277,11.0,nM,O=C(O)Cn1cc(Cc2nc3c(F)c(F)cc(F)c3s2)c2c(Cl)cccc21
405,CHEMBL192263,10.0,nM,O=C(O)Cn1cc(Cc2nc3c(F)c(F)cc(F)c3s2)c2cc(Cl)ccc21
406,CHEMBL193254,11.0,nM,O=C(O)Cn1cc(Cc2nc3c(F)c(F)cc(F)c3s2)c2cc(F)ccc21
407,CHEMBL192434,13.0,nM,O=C(O)Cn1cc(Cc2nc3c(F)c(F)cc(F)c3s2)c2cc(Br)ccc21
408,CHEMBL191508,8.0,nM,Cc1ccc2c(c1)c(Cc1nc3c(F)c(F)cc(F)c3s1)cn2CC(=O)O
409,CHEMBL192255,8.0,nM,COc1ccc2c(c1)c(Cc1nc3c(F)c(F)cc(F)c3s1)cn2CC(=O)O
410,CHEMBL192399,12.0,nM,O=C(O)Cn1cc(Cc2nc3c(F)c(F)cc(F)c3s2)c2cc(OCc3ccccc3)ccc21
411,CHEMBL363850,30.0,nM,O=C(O)Cn1cc(Cc2nc3c(F)c(F)cc(F)c3s2)c2cc(Oc3ccccc3)ccc21
412,CHEMBL192182,53.0,nM,O=C(O)Cn1cc(Cc2nc3c(F)c(F)cc(F)c3s2)c2cc(-c3ccccc3)ccc21
413,CHEMBL370478,8.0,nM,O=C(O)Cn1cc(Cc2nc3c(F)c(F)cc(F)c3s2)c2cc(N3CCOCC3)ccc21
414,CHEMBL371991,7.0,nM,O=C(O)Cn1cc(Cc2nc3c(F)c(F)cc(F)c3s2)c2ccc(F)cc21
415,CHEMBL371162,8.0,nM,O=C(O)Cn1cc(Cc2nc3c(F)c(F)cc(F)c3s2)c2ccc(Cl)cc21
416,CHEMBL192927,10.0,nM,Cc1ccc2c(Cc3nc4c(F)c(F)cc(F)c4s3)cn(CC(=O)O)c2c1
417,CHEMBL190931,5.0,nM,COc1ccc2c(Cc3nc4c(F)c(F)cc(F)c4s3)cn(CC(=O)O)c2c1
418,CHEMBL195065,25.0,nM,O=C(O)Cn1cc(Cc2nc3c(F)c(F)cc(F)c3s2)c2ccc(-c3ccccc3)cc21
419,CHEMBL192762,15.0,nM,O=C(O)Cn1cc(Cc2nc3c(F)c(F)cc(F)c3s2)c2ccc(N3CCOCC3)cc21
420,CHEMBL192167,7.0,nM,O=C(O)Cn1cc(Cc2nc3c(F)c(F)cc(F)c3s2)c2cccc(F)c21
421,CHEMBL189801,9.0,nM,O=C(O)Cn1cc(Cc2nc3c(F)c(F)cc(F)c3s2)c2cccc(Cl)c21
422,CHEMBL193030,14.0,nM,O=C(O)Cn1cc(Cc2nc3c(F)c(F)cc(F)c3s2)c2cccc(Br)c21
423,CHEMBL192886,6.0,nM,Cc1cccc2c(Cc3nc4c(F)c(F)cc(F)c4s3)cn(CC(=O)O)c12
424,CHEMBL193566,1600.0,nM,O=C(O)Cn1cc(C(=O)c2nc3c(F)c(F)cc(F)c3s2)c2ccccc21
425,CHEMBL193155,8.0,nM,O=C(O)Cn1cc(CCc2nc3c(F)c(F)cc(F)c3s2)c2ccccc21
426,CHEMBL193839,17.0,nM,O=C(O)CCn1cc(Cc2nc3c(F)c(F)cc(F)c3s2)c2ccccc21
427,CHEMBL193307,163.0,nM,CC(C(=O)O)n1cc(Cc2nc3c(F)c(F)cc(F)c3s2)c2ccccc21
428,CHEMBL198764,55.0,nM,O=S(=O)(c1ccc(O)nn1)c1cccc(Cl)c1Cl
429,CHEMBL371901,73.0,nM,O=S(=O)(c1ccc(O)nn1)c1cc(Cl)ccc1Cl
430,CHEMBL197712,50.0,nM,O=S(=O)(c1ccc(O)nn1)c1c(Cl)cccc1Cl
431,CHEMBL198004,390.0,nM,O=S(=O)(c1ccc(O)nn1)c1cccc(F)c1F
432,CHEMBL363415,870.0,nM,O=S(=O)(c1ccc(O)nn1)c1ccc(F)cc1F
433,CHEMBL194905,175.0,nM,O=S(=O)(c1cccc(C(F)(F)F)c1)c1ccc(O)nn1
434,CHEMBL372861,360.0,nM,O=S(=O)(c1ccc(C(F)(F)F)cc1)c1ccc(O)nn1
435,CHEMBL194582,150.0,nM,O=S(=O)(c1ccc(O)nn1)c1cccc2ccccc12
436,CHEMBL369911,360.0,nM,O=S(=O)(c1ccc2ccccc2c1)c1ccc(O)nn1
437,CHEMBL425920,34.0,nM,O=S(=O)(c1ccc(O)nn1)c1oc2ccc(Cl)cc2c1-c1ccccc1
438,CHEMBL197841,160.0,nM,Cc1ccc2sc(S(=O)(=O)c3ccc(O)nn3)cc2c1
439,CHEMBL371914,55.0,nM,Cc1c(S(=O)(=O)c2ccc(O)nn2)sc2ccc(Cl)cc12
440,CHEMBL413566,350.0,nM,O=S(=O)(c1ccc(Br)cc1)c1ccc(O)nn1
441,CHEMBL197924,240.0,nM,O=S(=O)(c1cccc(Cl)c1)c1ccc(O)nn1
442,CHEMBL425745,380.0,nM,O=S(=O)(c1ccc(Cl)cc1)c1ccc(O)nn1
443,CHEMBL198119,540.0,nM,O=S(=O)(c1ccc(O)nn1)c1ccccc1F
444,CHEMBL425922,474.0,nM,O=S(=O)(c1ccc(F)cc1)c1ccc(O)nn1
445,CHEMBL199028,600.0,nM,O=S(=O)(Cc1ccccc1)c1ccc(O)nn1
446,CHEMBL373040,118.0,nM,O=S(=O)(Cc1ccccc1Cl)c1ccc(O)nn1
447,CHEMBL199069,422.0,nM,O=S(=O)(Cc1ccccc1F)c1ccc(O)nn1
448,CHEMBL197544,500.0,nM,O=S(=O)(Cc1ccccc1C(F)(F)F)c1ccc(O)nn1
449,CHEMBL433987,72.0,nM,O=S(=O)(Cc1cccc(C(F)(F)F)c1)c1ccc(O)nn1
450,CHEMBL197805,35.0,nM,O=S(=O)(Cc1cccc(Cl)c1Cl)c1ccc(O)nn1
451,CHEMBL372641,52.0,nM,O=S(=O)(Cc1c(Cl)cccc1Cl)c1ccc(O)nn1
452,CHEMBL197806,257.0,nM,O=S(=O)(Cc1cccc(F)c1F)c1ccc(O)nn1
453,CHEMBL197628,667.0,nM,O=S(=O)(Cc1ccc(Br)cc1F)c1ccc(O)nn1
454,CHEMBL371307,26.0,nM,O=S(=O)(Cc1c(F)cccc1Cl)c1ccc(O)nn1
455,CHEMBL198250,54.0,nM,O=S(=O)(Cc1cccc(Cl)c1F)c1ccc(O)nn1
456,CHEMBL446704,44.0,nM,O=S(=O)(Cc1cccc(C(F)(F)F)c1F)c1ccc(O)nn1
457,CHEMBL240871,1100.0,nM,O=c1ccc(S(=O)(=O)c2cc3cc(Cl)ccc3[nH]2)n[nH]1
458,CHEMBL372815,645.0,nM,O=S(=O)(c1ccc(O)nn1)c1cc2ccc(Cl)cc2[nH]1
459,CHEMBL197678,450.0,nM,O=S(=O)(c1ccc(O)nn1)c1cc2cccc(Cl)c2[nH]1
460,CHEMBL199240,1400.0,nM,O=S(=O)(c1ccc(O)nn1)c1cc2ccc(F)cc2[nH]1
461,CHEMBL198501,3800.0,nM,O=S(=O)(c1ccc(O)nn1)c1cc2cc3c(cc2[nH]1)OCO3
462,CHEMBL370444,200.0,nM,O=S(=O)(c1ccc(O)nn1)c1cc2cc(Cl)cc(Cl)c2[nH]1
463,CHEMBL240722,25.0,nM,O=c1ccc(S(=O)(=O)c2cc3cc(Cl)ccc3o2)n[nH]1
464,CHEMBL198331,140.0,nM,Cc1c(S(=O)(=O)c2ccc(O)nn2)oc2ccccc12
465,CHEMBL241570,230.0,nM,COc1ccc2oc(S(=O)(=O)c3ccc(=O)[nH]n3)cc2c1
466,CHEMBL239440,87.0,nM,O=c1ccc(S(=O)(=O)c2cc3cc(Cl)cc(Cl)c3o2)n[nH]1
467,CHEMBL199100,190.0,nM,Cc1c(S(=O)(=O)c2ccc(O)nn2)oc2cc(Cl)ccc12
468,CHEMBL198096,3.0,nM,Cc1c(S(=O)(=O)c2ccc(O)nn2)oc2ccc(F)cc12
469,CHEMBL370123,5.0,nM,Cc1c(S(=O)(=O)c2ccc(O)nn2)oc2ccc(C(F)(F)F)cc12
470,CHEMBL198148,13.0,nM,Cc1ccc2oc(S(=O)(=O)c3ccc(O)nn3)c(C)c2c1
471,CHEMBL440567,6.0,nM,CCc1c(S(=O)(=O)c2ccc(O)nn2)oc2ccc(Cl)cc12
472,CHEMBL372193,92.0,nM,CC(C)c1c(S(=O)(=O)c2ccc(O)nn2)oc2ccc(Cl)cc12
473,CHEMBL197878,23.0,nM,O=S(=O)(c1ccc(O)nn1)c1oc2ccccc2c1-c1ccccc1
474,CHEMBL372136,49.0,nM,O=S(=O)(c1ccc(O)nn1)c1oc2ccccc2c1-c1ccc(F)cc1
475,CHEMBL1044,96000.0,nM,O=C(O)Cc1ccccc1
476,CHEMBL241577,6.0,nM,O=C(O)COc1cc(Cl)ccc1C(=O)NCc1cccc([N+](=O)[O-])c1
477,CHEMBL241367,7.0,nM,N#Cc1cc(C(=O)NCc2cccc([N+](=O)[O-])c2)c(OCC(=O)O)cc1F
478,CHEMBL399598,11.0,nM,O=C(O)COc1cc(F)ccc1C(=O)NCc1nc2c(F)c(F)cc(F)c2s1
479,CHEMBL334830,15.0,nM,O=C1C[C@@]2(C(=O)N1)C(=O)N(Cc1ccc(Br)cc1F)C(=O)c1cccn12
480,CHEMBL240721,29.0,nM,O=C(O)COc1cc(F)ccc1C(=O)NCc1nc2cc(C(F)(F)F)ccc2s1
481,CHEMBL395347,30.0,nM,O=C(O)COc1cc(F)ccc1C(=S)NCc1ccc(Br)cc1F
482,CHEMBL240720,35.0,nM,O=C(O)COc1cc(Cl)ccc1C(=O)NCc1nc2cc(C(F)(F)F)ccc2s1
483,CHEMBL240719,108.0,nM,Cc1ccccc1CC(=O)Nc1cc(C)c(S(=O)(=O)NCC(=O)O)c(C)c1
484,CHEMBL241572,176.0,nM,O=C(O)COc1ccccc1C(=O)NCc1ccc(Br)cc1F
485,CHEMBL335776,190.0,nM,O=C1C[C@]2(C(=O)N1)C(=O)N(Cc1ccc(Br)cc1F)C(=O)c1cccn12
486,CHEMBL240714,3500.0,nM,O=C(O)Cc1ccccc1O
487,CHEMBL240293,4400.0,nM,O=C(O)Cc1c(Cl)cccc1Cl
488,CHEMBL14184,68200.0,nM,CCCCCC(=O)O
489,CHEMBL50,2200.0,nM,O=c1c(O)c(-c2ccc(O)c(O)c2)oc2cc(O)cc(O)c12
490,CHEMBL117,8500.0,nM,O=c1cc(-c2ccccc2)oc2cc(O)cc(O)c12
491,CHEMBL164,29000.0,nM,O=c1c(O)c(-c2cc(O)c(O)c(O)c2)oc2cc(O)cc(O)c12
492,CHEMBL82242,150.0,nM,C[C@@H]1O[C@@H](Oc2c(-c3ccc(O)c(O)c3)oc3cc(O)cc(O)c3c2=O)[C@H](O)[C@H](O)[C@H]1O
493,CHEMBL173813,10.0,nM,O=CC(O)CO
494,CHEMBL486917,150.0,nM,O=C(O)CN1C(=O)S/C(=C\c2ccc(O)cc2)C1=O
495,CHEMBL324842,3910.0,nM,O=C(/C=C/c1ccc(O)c(O)c1)O[C@H](Cc1ccc(O)c(O)c1)C(=O)O
496,CHEMBL260778,1840.0,nM,O=C(/C=C/c1ccc(O)c(O)c1)O[C@H](Cc1cc(O)c(O)cc1[N+](=O)[O-])C(=O)O
497,CHEMBL261703,741.0,nM,O=C(/C=C/c1cc(O)c(O)cc1[N+](=O)[O-])O[C@H](Cc1cc(O)c(O)cc1[N+](=O)[O-])C(=O)O
498,CHEMBL1172665,11.0,nM,COc1ccc(/N=c2\oc3cc(O)ccc3cc2C(=O)Nc2ccccn2)cc1
499,CHEMBL1171546,21.0,nM,COc1ccc(/N=c2\oc3cc(O)ccc3cc2C(=O)Nc2ccccn2)c(OC)c1
500,CHEMBL1169756,36.0,nM,COc1ccc(OC)c(/N=c2\oc3cc(O)ccc3cc2C(=O)Nc2ccccn2)c1
501,CHEMBL1169757,34.0,nM,COc1ccc(/N=c2\oc3cc(O)ccc3cc2C(=O)Nc2cccc(C)n2)cc1OC
502,CHEMBL150372,62000.0,nM,O=c1oc2ccccc2cc1O
503,CHEMBL243263,171000.0,nM,O=c1ccc2cc(O)ccc2o1
504,CHEMBL51628,22900.0,nM,O=c1ccc2ccc(O)cc2o1
505,CHEMBL49732,67500.0,nM,COc1ccc2ccc(=O)oc2c1
506,CHEMBL244743,67200.0,nM,O=c1ccc2cc(O)c(O)cc2o1
507,CHEMBL71851,74400.0,nM,COc1cc2ccc(=O)oc2cc1O
508,CHEMBL390320,56200.0,nM,COc1cc2oc(=O)ccc2cc1O
509,CHEMBL12208,24500.0,nM,Cc1cc(=O)oc2cc(O)ccc12
510,CHEMBL12253,20800.0,nM,O=C(O)Cc1cc(=O)oc2cc(O)ccc12
511,CHEMBL325841,2400.0,nM,O=c1cc(-c2ccccc2)c2ccc(O)cc2o1
512,CHEMBL313244,64400.0,nM,Cc1cc(=O)oc2cc(O)c(O)cc12
513,CHEMBL1255817,63300.0,nM,O=C(O)Cc1cc(=O)oc2cc(O)c(O)cc12
514,CHEMBL1255818,66300.0,nM,O=c1cc(-c2ccccc2)c2cc(O)c(O)cc2o1
515,CHEMBL1645380,130.0,nM,O=C(O)CN1C(=O)S/C(=C\c2cccc(Oc3ccccc3)c2)C1=O
516,CHEMBL1645381,820.0,nM,O=C(O)CN1C(=O)S/C(=C\c2ccc(Oc3ccccc3)cc2)C1=O
517,CHEMBL1645382,280.0,nM,O=C(O)CN1C(=O)S/C(=C\c2ccc(OCc3ccccc3)cc2)C1=O
518,CHEMBL1645383,480.0,nM,COc1cccc(/C=C2\SC(=O)N(CC(=O)O)C2=O)c1
519,CHEMBL1645384,6140.0,nM,O=C1NC(=O)/C(=C/c2cccc(Oc3ccccc3)c2)S1
520,CHEMBL1348329,10700.0,nM,O=C1NC(=O)/C(=C/c2cccc3ccccc23)S1
521,CHEMBL496782,13280.0,nM,COc1cccc(/C=C2\SC(=O)NC2=O)c1
522,CHEMBL85496,40830.0,nM,COc1ccc(/C=C2\SC(=O)NC2=O)cc1
523,CHEMBL87706,8960.0,nM,O=C1NC(=O)/C(=C/c2ccc(O)cc2)S1
524,CHEMBL1668048,900.0,nM,CC(=O)Oc1cc(OCC(=O)OCc2c(-c3ccccc3)no[n+]2[O-])cc2oc(-c3ccccc3)cc(=O)c12
525,CHEMBL470376,750.0,nM,O=C(COc1cc(O)c2c(=O)cc(-c3ccccc3)oc2c1)OCc1c(-c2ccccc2)no[n+]1[O-]
526,CHEMBL1668047,1930.0,nM,CC(=O)Oc1cc(OCC(=O)OCc2ccc(OCc3c(-c4ccccc4)no[n+]3[O-])cc2)cc2oc(-c3ccccc3)cc(=O)c12
527,CHEMBL1668046,400.0,nM,O=C(COc1cc(O)c2c(=O)cc(-c3ccccc3)oc2c1)OCc1ccc(OCc2c(-c3ccccc3)no[n+]2[O-])cc1
528,CHEMBL1668045,1620.0,nM,CC(=O)Oc1cc(OCC(=O)OCc2cccc(OCc3c(-c4ccccc4)no[n+]3[O-])c2)cc2oc(-c3ccccc3)cc(=O)c12
529,CHEMBL1668044,220.0,nM,O=C(COc1cc(O)c2c(=O)cc(-c3ccccc3)oc2c1)OCc1cccc(OCc2c(-c3ccccc3)no[n+]2[O-])c1
530,CHEMBL1917417,3160.0,nM,Cc1ccc2c(c1)c(Sc1ccccc1)c(C)n2CC(=O)O
531,CHEMBL1917423,4467.0,nM,Cc1c(Sc2ccc(Cl)cc2)c2cccc(Cl)c2n1CC(=O)O
532,CHEMBL1917424,1122.0,nM,Cc1c(Sc2ccc(Cl)cc2)c2ccc(Cl)cc2n1CC(=O)O
533,CHEMBL1917425,1778.0,nM,Cc1c(Sc2ccc(Cl)cc2)c2c(Cl)cccc2n1CC(=O)O
534,CHEMBL1917426,3162.0,nM,Cc1c(Sc2ccc(Cl)cc2)c2cc(F)ccc2n1CC(=O)O
535,CHEMBL1917427,2239.0,nM,Cc1c(F)ccc2c1c(Sc1ccc(Cl)cc1)c(C)n2CC(=O)O
536,CHEMBL1917428,2239.0,nM,Cc1c(Sc2ccc(Cl)cc2)c2c(C#N)c(Cl)ccc2n1CC(=O)O
537,CHEMBL1917433,1000.0,nM,Cc1c(Sc2ccc(Cl)cc2)c2c(NS(C)(=O)=O)cccc2n1CC(=O)O
538,CHEMBL1914489,794.0,nM,CC(=O)Nc1cccc2c1c(Sc1ccc(Cl)cc1)c(C)n2CC(=O)O
539,CHEMBL1917439,1778.0,nM,Cc1c(Sc2ccc(Cl)cc2)c2cc(-c3ccccc3)ccc2n1CC(=O)O
540,CHEMBL1917441,1778.0,nM,Cc1ccc2c(c1)c(Sc1cccc(Cl)c1)c(C)n2CC(=O)O
541,CHEMBL1917442,5623.0,nM,Cc1ccc2c(c1)c(Sc1ccccc1Cl)c(C)n2CC(=O)O
542,CHEMBL1917443,7943.0,nM,Cc1ccc2c(c1)c(Sc1ccc(S(C)(=O)=O)cc1)c(C)n2CC(=O)O
543,CHEMBL1917444,282.0,nM,COc1ccc(Sc2c(C)n(CC(=O)O)c3ccc(C)cc23)cc1
544,CHEMBL1917446,411.0,nM,Cc1ccc2c(c1)c(S(=O)(=O)c1ccc(Cl)cc1)c(C)n2CC(=O)O
545,CHEMBL1917448,115.0,nM,COc1cccc(S(=O)(=O)c2c(C)n(CC(=O)O)c3ccc(C)cc23)c1
546,CHEMBL1917449,708.0,nM,CC(=O)Nc1cccc2c1c(S(=O)(=O)c1ccc(Cl)cc1)c(C)n2CC(=O)O
547,CHEMBL1917450,63.0,nM,Cc1c(S(=O)(=O)c2ccc(Cl)cc2)c2c(NS(C)(=O)=O)cccc2n1CC(=O)O
548,CHEMBL1917458,3981.0,nM,CCS(=O)(=O)c1ccc(Oc2c(C)n(CC(=O)O)c3ccc(C(F)(F)F)cc23)cc1
549,CHEMBL1922169,22800.0,nM,CC(CC(=O)C[C@@H](C)[C@H]1CC(=O)[C@@]2(C)C3=C([C@@H](O)C[C@]12C)[C@@]1(C)CCC(=O)C(C)(C)[C@@H]1C[C@@H]3O)C(=O)O
550,CHEMBL1922171,119200.0,nM,C/C(=C\C(=O)CC(C)C(=O)O)[C@H]1C[C@H](O)[C@@]2(C)C3=C(C(=O)C[C@]12C)[C@@]1(C)CCC(=O)C(C)(C)[C@@H]1C[C@@H]3O
551,CHEMBL1922174,43800.0,nM,C[C@H](CC(=O)C[C@@H](C)[C@H]1C[C@H](O)[C@@]2(C)C3=C(C(=O)C[C@]12C)[C@@]1(C)CC[C@H](O)C(C)(C)[C@@H]1C[C@@H]3O)C(=O)O
552,CHEMBL1208026,18200.0,nM,O=C(O)Cc1ccc2[nH]c3c(c2c1)CN(Cc1ccccc1)CC3
553,CHEMBL145,32000.0,nM,O=C(O)/C=C/c1ccc(O)c(O)c1
554,CHEMBL66879,76000.0,nM,O=C(O)/C=C/c1ccc(O)cc1
555,CHEMBL456309,23000.0,nM,CC(C)=CCc1cc(/C=C/C(=O)O)cc(CC=C(C)C)c1O
556,CHEMBL464997,38000.0,nM,CC(C)=CCc1cc(/C=C/C(=O)O)ccc1O
557,CHEMBL284616,300.0,nM,O=C(/C=C/c1ccc(O)c(O)c1)O[C@@H]1C[C@](O)(C(=O)O)C[C@@H](O)[C@H]1O
558,CHEMBL249448,78.0,nM,O=C(/C=C/c1ccc(O)c(O)c1)O[C@@H]1[C@H](O)C[C@@](O)(C(=O)O)C[C@H]1OC(=O)/C=C/c1ccc(O)c(O)c1
559,CHEMBL249447,88.0,nM,O=C(/C=C/c1ccc(O)c(O)c1)O[C@@H]1C[C@](O)(C(=O)O)C[C@@H](OC(=O)/C=C/c2ccc(O)c(O)c2)[C@H]1O
560,CHEMBL1940401,11000.0,nM,COc1cc(O)ccc1/C=C/C(=O)OCCCc1ccc(O)cc1
561,CHEMBL1940400,4900.0,nM,COc1cc(O)ccc1/C=C/C(=O)OCCCc1cccc(O)c1
562,CHEMBL1940399,6900.0,nM,COc1cc(O)ccc1/C=C/C(=O)OCCCc1ccccc1O
563,CHEMBL1940398,11000.0,nM,COc1cc(O)ccc1/C=C/C(=O)OCCCc1ccccc1
564,CHEMBL1940397,3200.0,nM,COc1cc(O)ccc1/C=C/C(=O)OCCc1ccc(O)cc1
565,CHEMBL1940396,7300.0,nM,COc1cc(O)ccc1/C=C/C(=O)OCCc1cccc(O)c1
566,CHEMBL1940395,9500.0,nM,COc1cc(O)ccc1/C=C/C(=O)OCCc1ccccc1O
567,CHEMBL1940394,7200.0,nM,COc1cc(O)ccc1/C=C/C(=O)OCCc1ccccc1
568,CHEMBL1940393,1100.0,nM,O=C(/C=C/c1ccc(O)cc1)OCCCc1ccccc1
569,CHEMBL1940392,41000.0,nM,O=C(/C=C/c1cccc(O)c1)OCCCc1ccccc1
570,CHEMBL1940391,6100.0,nM,CC(C)OC(=O)/C=C/c1ccc(O)cc1
571,CHEMBL1095574,2200.0,nM,O=C(/C=C/c1ccc(O)cc1)OCc1ccccc1
572,CHEMBL133714,400.0,nM,O=C(/C=C/c1ccc(O)c(O)c1)OCc1ccccc1
573,CHEMBL1940390,2200.0,nM,O=C(/C=C/c1ccc(O)cc1)OCCc1ccccc1
574,CHEMBL1940389,73000.0,nM,O=C(/C=C/c1cccc(O)c1)OCCc1ccccc1
575,CHEMBL493921,23000.0,nM,O=C(/C=C/c1ccccc1)OCCc1ccccc1
576,CHEMBL319244,570.0,nM,O=C(/C=C/c1ccc(O)c(O)c1)OCCc1ccccc1
577,CHEMBL251254,3000.0,nM,O=c1c(O[C@@H]2O[C@H](CO)[C@H](O)[C@H](O)[C@H]2O)c(-c2ccc(O)c(O)c2)oc2cc(O)cc(O)c12
578,CHEMBL250450,4500.0,nM,O=c1c(O[C@@H]2O[C@H](CO)[C@@H](O)[C@H](O)[C@H]2O)c(-c2ccc(O)c(O)c2)oc2cc(O)cc(O)c12
579,CHEMBL312163,2700.0,nM,COc1cc(O)c2c(=O)c(O)c(-c3ccc(O)c(O)c3)oc2c1
580,CHEMBL233930,60500.0,nM,O=c1c(O[C@@H]2O[C@H](CO)[C@@H](O)[C@H](O)[C@H]2O)c(-c2ccc(O)cc2)oc2cc(O)cc(O)c12
581,CHEMBL402947,95310.0,nM,O=c1c(O)c(-c2ccc(O[C@@H]3O[C@H](CO)[C@@H](O)[C@H](O)[C@H]3O)c(O)c2)oc2cc(O)cc(O)c12
582,CHEMBL150,10000.0,nM,O=c1c(O)c(-c2ccc(O)cc2)oc2cc(O)cc(O)c12
583,CHEMBL599763,720.0,nM,O=C(/C=C/c1ccc(O[C@@H]2O[C@H](CO)[C@@H](O)[C@H](O)[C@H]2O)cc1)c1ccc(O)cc1O
584,CHEMBL487417,566660.0,nM,O=c1cc(-c2ccc(O)cc2)oc2c([C@@H]3O[C@H](CO)[C@@H](O)[C@H](O)[C@H]3O)c(O)cc(O)c12
585,CHEMBL44,20000.0,nM,O=c1c(-c2ccc(O)cc2)coc2cc(O)cc(O)c12
586,CHEMBL9352,28870.0,nM,O=C1C[C@@H](c2ccc(O)cc2)Oc2cc(O)cc(O)c21
587,CHEMBL471282,19050.0,nM,O=c1c(O[C@@H]2O[C@@H](CO)[C@H](O)[C@H]2O)c(-c2ccc(O)c(O)c2)oc2cc(O)cc(O)c12
588,CHEMBL129795,320.0,nM,O=C(/C=C/c1ccc(O)cc1)c1ccc(O)cc1O
589,CHEMBL1940910,560.0,nM,O=C(/C=C/c1ccc(O)cc1)c1ccc(O[C@@H]2O[C@H](CO)[C@@H](O)[C@H](O)[C@H]2O[C@@H]2OC[C@](O)(CO)[C@H]2O)cc1O
590,CHEMBL6246,200.0,nM,O=c1oc2c(O)c(O)cc3c(=O)oc4c(O)c(O)cc1c4c23
591,CHEMBL187266,8690.0,nM,Cc1coc2c1C(=O)C(=O)c1c-2ccc2c1CCCC2(C)C
592,CHEMBL1946958,48600.0,nM,O=C(O)Cn1c2c(c3cc(F)ccc31)CCN(Cc1ccc(F)cc1)C2=O
593,CHEMBL1946959,220.0,nM,O=C(O)Cn1c2c(c3ccccc31)CCN(Cc1ccccc1)C2=S
594,CHEMBL1946960,230.0,nM,O=C(O)Cn1c2c(c3cc(F)ccc31)CCN(Cc1ccccc1)C2=S
595,CHEMBL1946961,10000.0,nM,O=C(O)Cn1c2c(c3cc(F)ccc31)CCN(Cc1ccc(C(F)(F)F)cc1)C2=S
596,CHEMBL1946962,1700.0,nM,O=C(O)Cn1c2c(c3cc(F)ccc31)CCN(Cc1ccc(Br)cc1F)C2=S
597,CHEMBL1946963,14000.0,nM,O=C(O)Cn1c2c(c3ccccc31)CCN(Cc1ccc(C(F)(F)F)cc1)C2=S
598,CHEMBL1946964,5900.0,nM,O=C(O)Cn1c2c(c3ccccc31)CCN(Cc1ccc(Br)cc1)C2=S
599,CHEMBL1946965,320.0,nM,O=C(O)Cn1c2c(c3cc(Br)ccc31)CCN(Cc1ccccc1)C2=S
600,CHEMBL1946966,240.0,nM,O=C(O)Cn1c2c(c3ccc(Cl)cc31)CCN(Cc1ccccc1)C2=S
601,CHEMBL1944852,4200.0,nM,O=C(O)Cn1c2c(c3ccccc31)CCN(Cc1ccc(Br)cc1F)C2=S
602,CHEMBL1944853,350.0,nM,O=C(O)Cn1c2c(c3cc(Cl)ccc31)CCN(Cc1ccccc1)C2=S
603,CHEMBL1944854,190.0,nM,O=C(O)Cn1c2c(c3cc(I)ccc31)CCN(Cc1ccccc1)C2=S
604,CHEMBL1944855,150.0,nM,COc1ccc2c(c1)c1c(n2CC(=O)O)C(=S)N(Cc2ccccc2)CC1
605,CHEMBL1944856,200.0,nM,CC(C)c1ccc2c(c1)c1c(n2CC(=O)O)C(=S)N(Cc2ccccc2)CC1
606,CHEMBL1944857,190.0,nM,O=C(O)Cn1c2c(c3c(Cl)cc(Cl)cc31)CCN(Cc1ccccc1)C2=S
607,CHEMBL1944858,1300.0,nM,O=C(O)Cn1c2c(c3c(F)cc(F)cc31)CCN(Cc1ccccc1)C2=S
608,CHEMBL1944859,31000.0,nM,O=C(O)Cn1c2c(c3ccccc31)CCN(c1ccccc1)C2=S
609,CHEMBL1944860,1800.0,nM,O=C(O)Cn1c2c(c3c(F)cc(F)cc31)CCN(CCc1ccccc1)C2=S
610,CHEMBL1944861,200.0,nM,O=C(O)Cn1c2c(c3cc(O)ccc31)CCN(Cc1ccccc1)C2=S
611,CHEMBL1944862,170.0,nM,O=C(O)Cn1c2c(c3cc(C(=O)O)ccc31)CCN(Cc1ccccc1)C2=S
612,CHEMBL2042239,150.0,nM,CN1C(=O)N(Cc2cc(Cl)ccc2F)C(=O)[C@]12C(=O)N(CC(=O)O)c1ccc(Cl)cc12
613,CHEMBL1682201,38600.0,nM,CC(=O)c1ccc(Nc2cccc(C(=O)O)c2)cc1
614,CHEMBL2041554,27700.0,nM,CC(=O)c1ccc(Nc2cccc(C(=O)O)c2)c(C(=O)O)c1
615,CHEMBL2041555,50000.0,nM,O=C(O)c1cccc(Nc2ccc(C(F)(F)F)cc2[N+](=O)[O-])c1
616,CHEMBL2041556,42700.0,nM,COc1ccc(Nc2cccc(C(=O)O)c2)c([N+](=O)[O-])c1
617,CHEMBL168,124000.0,nM,CC1(C)CC[C@]2(C(=O)O)CC[C@]3(C)C(=CC[C@@H]4[C@@]5(C)CC[C@H](O)C(C)(C)[C@@H]5CC[C@]43C)[C@@H]2C1
618,CHEMBL201515,72000.0,nM,CC1(C)CC[C@]2(C(=O)O)CC[C@]3(C)C(=CC[C@@H]4[C@@]5(C)C[C@@H](O)[C@H](O)C(C)(C)[C@@H]5CC[C@]43C)[C@@H]2C1
619,CHEMBL269277,11000.0,nM,C=C(C)[C@@H]1CC[C@]2(C(=O)O)CC[C@]3(C)[C@H](CC[C@@H]4[C@@]5(C)CC[C@H](O)C(C)(C)[C@@H]5CC[C@]43C)[C@@H]12
620,CHEMBL169,41000.0,nM,C[C@H]1[C@H](C)CC[C@]2(C(=O)O)CC[C@]3(C)C(=CC[C@@H]4[C@@]5(C)CC[C@H](O)C(C)(C)[C@@H]5CC[C@]43C)[C@H]12
621,CHEMBL404313,34000.0,nM,C[C@H]1[C@H](C)CC[C@]2(C(=O)O)CC[C@]3(C)C(=CC[C@@H]4[C@@]5(C)C[C@@H](O)[C@H](O)[C@@](C)(CO)[C@@H]5CC[C@]43C)[C@H]12
622,CHEMBL230006,280000.0,nM,CC1(C)[C@@H](O)CC[C@]2(C)[C@H]3C(=O)C=C4[C@@H]5C[C@@](C)(C(=O)O)CC[C@]5(C)CC[C@@]4(C)[C@]3(C)CC[C@@H]12
623,CHEMBL400074,84000.0,nM,CC1(C)CC[C@]2(CO)CC[C@]3(C)C(=CC[C@@H]4[C@@]5(C)CC[C@H](O)C(C)(C)[C@@H]5CC[C@]43C)[C@@H]2C1
624,CHEMBL1673027,390.0,nM,O=C(c1ccccc1)c1ccn(-c2cc(F)c(O)c(F)c2)c1
625,CHEMBL93723,2400.0,nM,O=C(O)Cn1ccc(C(=O)c2ccccc2)c1
626,CHEMBL454320,2030.0,nM,COc1cc(-c2cc(=O)c3c(O)cc(O)cc3o2)cc(OC)c1O
627,CHEMBL239559,1910.0,nM,O=c1cc(-c2ccc(O)c(O)c2)oc2cc(O)c([C@@H]3O[C@H](CO)[C@@H](O)[C@H](O)[C@H]3O)c(O)c12
628,CHEMBL2263318,13.4,nM,O=C(/C=C/c1ccc(O)c(O)c1)OC[C@@H]1O[C@H](Oc2c(-c3ccc(O)c(O)c3)oc3cc(O)cc(O)c3c2=O)[C@@H](O)[C@H](O)[C@H]1O
629,CHEMBL2260163,0.82,nM,O=C(O)CN1C(=O)S/C(=C/c2ccc([N+](=O)[O-])cc2)C1=O
630,CHEMBL2260162,0.13,nM,O=C(O)CN1C(=O)S/C(=C/c2cccc([N+](=O)[O-])c2)C1=O
631,CHEMBL2260161,1.32,nM,COC(=O)CN1C(=O)S/C(=C/c2cccc(N)c2)C1=O
632,CHEMBL2260160,6.14,nM,Nc1cccc(/C=C2/SC(=O)NC2=O)c1
633,CHEMBL2260159,1.19,nM,O=C(O)/C=C/CN1C(=O)S/C(=C/c2ccc(O)cc2)C1=O
634,CHEMBL2260158,0.49,nM,O=C(O)CN1C(=O)S/C(=C/c2ccc(O)cc2)C1=O
635,CHEMBL2260157,39.1,nM,COC(=O)CN1C(=O)S/C(=C/c2ccc(O)cc2)C1=O
636,CHEMBL2260156,4.17,nM,O=C(O)CN1C(=O)S/C(=C/c2cccc(O)c2)C1=O
637,CHEMBL2260155,0.15,nM,O=C1NC(=O)/C(=C\c2cccc(O)c2)S1
638,CHEMBL2260154,6.18,nM,O=C(O)CN1C(=O)S/C(=C/c2cccc3ccccc23)C1=O
639,CHEMBL2260153,0.66,nM,O=C(O)CN1C(=O)S/C(=C/c2ccc(-c3ccccc3)cc2)C1=O
640,CHEMBL2260152,0.26,nM,COC(=O)CN1C(=O)S/C(=C/c2cccc(Oc3ccccc3)c2)C1=O
641,CHEMBL1020,2390.0,nM,Cc1ccc(C(=O)c2ccc(CC(=O)O)n2C)cc1
642,CHEMBL15770,374.0,nM,CC1=C(CC(=O)O)c2cc(F)ccc2/C1=C\c1ccc([S+](C)[O-])cc1
643,CHEMBL151,600.0,nM,O=c1cc(-c2ccc(O)c(O)c2)oc2cc(O)cc(O)c12
644,CHEMBL2440428,34.0,nM,O=C(Nc1ccccn1)c1cc2ccc(O)cc2o/c1=N\c1ccccc1
645,CHEMBL2440416,29.0,nM,COc1ccc(/N=c2\oc3cc(O)ccc3cc2C(=O)NCCCO)cc1
646,CHEMBL2440413,28.0,nM,COc1ccc(/N=c2\oc3cc(O)ccc3cc2C(=O)NCC(C)C)cc1
647,CHEMBL2440412,28.0,nM,CCCCNC(=O)c1cc2ccc(O)cc2o/c1=N\c1ccc(OC)cc1
648,CHEMBL2440414,27.0,nM,COc1ccc(/N=c2\oc3cc(O)ccc3cc2C(=O)NC2CCCCC2)cc1
649,CHEMBL2440424,26.0,nM,Cc1ccc(/N=c2\oc3cc(O)ccc3cc2C(=O)Nc2ccccn2)cc1
650,CHEMBL2440425,25.0,nM,O=C(Nc1ccccn1)c1cc2ccc(O)cc2o/c1=N\c1ccc(Br)cc1
651,CHEMBL2440417,24.0,nM,COc1ccc(/N=c2\oc3cc(O)ccc3cc2C(=O)NCc2ccccc2)cc1
652,CHEMBL2440422,24.0,nM,O=C(Nc1ccccn1)c1cc2ccc(O)cc2o/c1=N\c1ccc(O)cc1
653,CHEMBL2440415,20.0,nM,COc1ccc(/N=c2\oc3cc(O)ccc3cc2C(=O)NCCO)cc1
654,CHEMBL2440427,20.0,nM,O=C(O)Cc1ccc(/N=c2\oc3cc(O)ccc3cc2C(=O)Nc2ccccn2)cc1
655,CHEMBL2440423,19.0,nM,O=C(O)c1ccc(/N=c2\oc3cc(O)ccc3cc2C(=O)Nc2ccccn2)cc1
656,CHEMBL2440426,12.0,nM,O=C(Nc1ccccn1)c1cc2ccc(O)cc2o/c1=N\c1ccc(I)cc1
657,CHEMBL2440411,6.7,nM,COc1ccc(/N=c2\oc3cc(O)ccc3cc2C(=O)NC(C)C)cc1
658,CHEMBL3109109,9000.0,nM,O=C(N[C@@H]1O[C@H](CO)[C@@H](O)[C@H](O)[C@H]1O)c1cc(O)c(O)c(O)c1
659,CHEMBL480283,8000.0,nM,O=C(O[C@@H]1O[C@H](CO)[C@@H](O)[C@H](O)[C@H]1O)c1cc(O)c(O)c(O)c1
660,CHEMBL1783834,147300.0,nM,CC(C)=CCC[C@](C)(O)[C@H]1CC[C@]2(C)[C@@H]1[C@H](O)C[C@@H]1[C@@]3(C)CC[C@H](O[C@@H]4O[C@H](CO)[C@@H](O)[C@H](O)[C@H]4O)C(C)(C)[C@@H]3CC[C@]12C
661,CHEMBL1401,8220.0,nM,CC(=O)Oc1ccccc1C(=O)Nc1ncc([N+](=O)[O-])s1
662,CHEMBL686,77000.0,nM,Cc1cccc(Nc2ccccc2C(=O)O)c1C
663,CHEMBL1405739,57.0,nM,O=C(O)Cn1c2ccccc2c2nnc(S)nc21
664,CHEMBL1645385,6140.0,nM,O=C1N=C(O)S/C1=C\c1ccc(Oc2ccccc2)cc1
665,CHEMBL276915,12300.0,nM,O=c1cc(-c2ccccc2)oc2cc(O)ccc12
666,CHEMBL131921,127000.0,nM,COc1ccc(-c2coc3cc(O)cc(O)c3c2=O)cc1
667,CHEMBL8145,161800.0,nM,O=c1c(-c2ccc(O)cc2)coc2cc(O)ccc12
668,CHEMBL28,11900.0,nM,O=c1cc(-c2ccc(O)cc2)oc2cc(O)cc(O)c12
669,CHEMBL289277,2690.0,nM,Cc1cc(O)c2c(c1)C(=O)c1cc(O)cc(O)c1C2=O
670,CHEMBL3922733,360.0,nM,CC1=N/C(=C\c2ccc(O)cc2)C(=O)N1CC(=O)O
671,CHEMBL3932710,3200.0,nM,CC1=N/C(=C\c2cccc(O)c2)C(=O)N1CC(=O)O
672,CHEMBL3917477,580.0,nM,CC1=N/C(=C\c2ccccc2)C(=O)N1CC(=O)O
673,CHEMBL3936476,510.0,nM,COc1ccc(/C=C2\N=C(C)N(CC(=O)O)C2=O)cc1
674,CHEMBL3908530,650.0,nM,CC1=N/C(=C\c2ccc(F)cc2)C(=O)N1CC(=O)O
675,CHEMBL3942794,270.0,nM,CC1=N/C(=C\c2ccc(Cl)cc2)C(=O)N1CC(=O)O
676,CHEMBL3935367,240.0,nM,CC1=N/C(=C\c2ccc(Br)cc2)C(=O)N1CC(=O)O
677,CHEMBL3964987,100.0,nM,CC1=N/C(=C\c2ccc3ccccc3c2)C(=O)N1CC(=O)O
678,CHEMBL3926455,540.0,nM,CC1=N/C(=C\c2cccc3ccccc23)C(=O)N1CC(=O)O
679,CHEMBL3956034,130.0,nM,CC1=N/C(=C\c2cc(C)c(O)c(C)c2)C(=O)N1CC(=O)O
680,CHEMBL3979826,310.0,nM,CC1=N/C(=C\c2ccc(OCC(=O)O)cc2)C(=O)N1CC(=O)O
681,CHEMBL3945763,10700.0,nM,CC1=N/C(=C\c2ccc(O)cc2)C(=O)N1CCC(=O)O
682,CHEMBL3975136,23000.0,nM,CCOC(=O)CN1C(=O)/C(=C/c2ccc(O)cc2)N=C1C
683,CHEMBL3936885,112000.0,nM,CCOC(=O)CN1C(=O)/C(=C/c2ccccc2)N=C1C
684,CHEMBL3911638,109000.0,nM,CCOC(=O)COc1ccc(/C=C2\N=C(C)N(CC(=O)OCC)C2=O)cc1
685,CHEMBL3973623,27700.0,nM,CC(=O)c1ccc(C(=O)O)c(Nc2ccccc2C(=O)O)c1
686,CHEMBL3899044,50000.0,nM,O=C(O)c1ccccc1Nc1cc(C(F)(F)F)ccc1[N+](=O)[O-]
687,CHEMBL3945188,42700.0,nM,COc1ccc([N+](=O)[O-])c(Nc2ccccc2C(=O)O)c1
688,CHEMBL4071421,180.0,nM,O=C(NCCCc1cccc(O)c1)c1cc2ccc(O)cc2oc1=O
689,CHEMBL4098452,220.0,nM,O=C(NCCCc1ccccc1O)c1cc2ccc(O)cc2oc1=O
690,CHEMBL4081954,204.0,nM,O=C(NCCCc1ccc(O)cc1)c1cc2ccc(O)cc2oc1=O
691,CHEMBL4060049,340.0,nM,O=C(NCCCc1cccc(F)c1)c1cc2ccc(O)cc2oc1=O
692,CHEMBL4089817,277.0,nM,O=C(NCCCc1ccc(F)cc1)c1cc2ccc(O)cc2oc1=O
693,CHEMBL4068704,320.0,nM,O=C(NCCCc1cc(F)cc(F)c1)c1cc2ccc(O)cc2oc1=O
694,CHEMBL4062779,200.0,nM,Cc1ccc(CCCNC(=O)c2cc3ccc(O)cc3oc2=O)cc1
695,CHEMBL4084456,390.0,nM,COc1ccc(CCCNC(=O)c2cc3ccc(O)cc3oc2=O)cc1
696,CHEMBL4071420,314.0,nM,O=C(NCCCCc1ccc(O)cc1)c1cc2ccc(O)cc2oc1=O
697,CHEMBL4081953,9500.0,nM,O=C(NCCCc1ccc(O)cc1)c1cc2cccc(O)c2oc1=O
698,CHEMBL3318218,98.0,nM,O=C(NCCc1ccc(O)cc1)c1cc2ccc(O)cc2oc1=O
699,CHEMBL4089816,15.0,nM,COc1ccc(/N=c2\oc3cc(O)ccc3cc2C(=O)NCCCc2cccc(O)c2)cc1
700,CHEMBL105350,5100.0,nM,O=C(/C=C/c1ccc(O)cc1)CC(=O)/C=C/c1ccc(O)cc1
701,CHEMBL270067,6900.0,nM,C[C@H](CCC(=O)O)[C@H]1CC[C@H]2[C@@H]3CC[C@@H]4C[C@@H](O)CC[C@]4(C)[C@H]3CC[C@]12C
702,CHEMBL4092708,21700.0,nM,O=C(O)COc1cc(Cl)ccc1C(=O)NCc1c(Br)c(Br)c(Br)c(Br)c1Br
703,CHEMBL4128992,550.0,nM,O=C(O)COc1cc(Cl)ccc1C(=O)NCc1ccc(Br)cc1
704,CHEMBL1230062,30.0,nM,O=C(O)COc1cc(Cl)ccc1C(=O)NCc1ccc(Br)cc1F
705,CHEMBL4206601,83.5,nM,CCOC(=O)N1CCc2c(c3cc(OC)ccc3n2CC(=O)O)C1
706,CHEMBL1645387,60.0,nM,O=C(O)CN1C(=O)/C(=C/c2ccc(Oc3ccccc3)cc2)SC1=S
707,CHEMBL1172417,25.0,nM,O=C(O)CN1C(=O)/C(=C/c2cccc(Oc3ccccc3)c2)SC1=S
708,CHEMBL185623,52.0,nM,O=C(O)CN1C(=O)/C(=C/c2ccc(OCc3ccccc3)cc2)SC1=S
709,CHEMBL184768,53.0,nM,O=C(O)CN1C(=O)/C(=C/c2cccc(OCc3ccccc3)c2)SC1=S
710,CHEMBL1645388,78.0,nM,COc1cccc(/C=C2\SC(=S)N(CC(=O)O)C2=O)c1
711,CHEMBL3262476,194.0,nM,NC(=O)COc1ccc(/C=C2\SC(=S)N(CC(=O)O)C2=O)cc1
712,CHEMBL3262475,64.0,nM,NC(=O)COc1cccc(/C=C2\SC(=S)N(CC(=O)O)C2=O)c1
713,CHEMBL3262478,228.0,nM,COc1cc(/C=C2\SC(=S)N(CC(=O)O)C2=O)ccc1OCC(N)=O
714,CHEMBL3262477,139.0,nM,COc1ccc(/C=C2\SC(=S)N(CC(=O)O)C2=O)cc1OCC(N)=O
715,CHEMBL1384494,125.0,nM,O=C(O)CN1C(=O)/C(=C/C=C/c2ccccc2)SC1=S
716,CHEMBL4436037,104.0,nM,O=C(O)CN1C(=O)/C(=C/c2ccc(OCCc3ccccc3)cc2)SC1=S
717,CHEMBL4459307,56.0,nM,O=C(O)CN1C(=O)/C(=C/c2cccc(OCCc3ccccc3)c2)SC1=S
718,CHEMBL4554837,40.0,nM,COc1cc(/C=C2\SC(=S)N(CC(=O)O)C2=O)ccc1OCc1ccccc1
719,CHEMBL4483615,364.0,nM,O=C(O)CN1C(=O)S/C(=C\c2ccc(OCCc3ccccc3)cc2)C1=O
720,CHEMBL4455326,323.0,nM,COc1cc(/C=C2\SC(=O)N(CC(=O)O)C2=O)ccc1OCc1ccccc1
721,CHEMBL4448571,276.0,nM,O=C(O)CN1C(=O)S/C(=C\c2cccc(OCCc3ccccc3)c2)C1=O
722,CHEMBL4483785,1410.0,nM,COc1cc(/C=C2\S/C(=N\c3ccccc3)N(CC(=O)O)C2=O)ccc1OCc1ccccc1
723,CHEMBL4458061,46.0,nM,O=C(O)Cc1nn(Cc2nc3cc(C(F)(F)F)ccc3s2)c(=O)c2cc3ccccc3cc12
724,CHEMBL4436968,20.0,nM,O=C(O)Cc1nn(Cc2cc(F)cc(Br)c2)c(=O)c2ccccc12
725,CHEMBL4582264,66.0,nM,O=C(O)Cn1c2ccccc2c2n[nH]c(=O)nc21
726,CHEMBL4454563,40150.0,nM,O=C1NC2(CCCc3ccccc32)C(=O)N1S(=O)(=O)c1ccc(Cl)cc1
727,CHEMBL4578754,10840.0,nM,O=C1NC2(CCCc3ccccc32)C(=O)N1S(=O)(=O)c1ccc(Br)cc1
728,CHEMBL4532536,1800.0,nM,Cc1ccc(S(=O)(=O)N2C(=O)NC3(CCCc4ccccc43)C2=O)cc1
729,CHEMBL4514288,8020.0,nM,CC(C)c1ccc(S(=O)(=O)N2C(=O)NC3(CCCc4ccccc43)C2=O)cc1
730,CHEMBL4452743,37720.0,nM,CC(=O)c1ccc(S(=O)(=O)N2C(=O)NC3(CCCc4ccccc43)C2=O)cc1
731,CHEMBL4560452,11660.0,nM,COc1ccc(S(=O)(=O)N2C(=O)NC3(CCCc4ccccc43)C2=O)cc1
732,CHEMBL4451159,5840.0,nM,O=C1NC(=O)C2(CCCc3ccccc32)N1S(=O)(=O)c1ccc(F)cc1
733,CHEMBL4462586,6150.0,nM,O=C1NC(=O)C2(CCCc3ccccc32)N1S(=O)(=O)c1ccc(Cl)cc1
734,CHEMBL4577996,5720.0,nM,O=C1NC(=O)C2(CCCc3ccccc32)N1S(=O)(=O)c1ccc(Br)cc1
735,CHEMBL4474168,5020.0,nM,Cc1ccc(S(=O)(=O)N2C(=O)NC(=O)C23CCCc2ccccc23)cc1
736,CHEMBL4520640,34500.0,nM,O=C1NC(=O)C2(CCCc3ccccc32)N1S(=O)(=O)c1ccc([N+](=O)[O-])cc1
737,CHEMBL4451105,560.0,nM,CC(C)c1ccc(S(=O)(=O)N2C(=O)NC(=O)C23CCCc2ccccc23)cc1
738,CHEMBL4539238,640.0,nM,CC(=O)c1ccc(S(=O)(=O)N2C(=O)NC(=O)C23CCCc2ccccc23)cc1
739,CHEMBL4473480,5660.0,nM,COc1ccc(S(=O)(=O)N2C(=O)NC(=O)C23CCCc2ccccc23)cc1
740,CHEMBL4447267,1030.0,nM,O=C(CN1C(=O)NC2(C1=O)c1ccccc1-c1ccccc12)Nc1ccc(Cl)cc1
741,CHEMBL4554231,930.0,nM,O=C(CN1C(=O)NC2(C1=O)c1ccccc1-c1ccccc12)Nc1ccc(Br)cc1
742,CHEMBL4458431,6210.0,nM,Cc1ccc(NC(=O)CN2C(=O)NC3(C2=O)c2ccccc2-c2ccccc23)cc1
743,CHEMBL4520535,2870.0,nM,COc1ccc(NC(=O)CN2C(=O)NC3(C2=O)c2ccccc2-c2ccccc23)cc1
744,CHEMBL4458804,370.0,nM,O=C(CN1C(=O)NC2(C1=O)c1ccccc1-c1ccccc12)Nc1ccc(Cl)cc1Cl
745,CHEMBL1866615,1130.0,nM,O=C(CN1C(=O)NC2(CCCCC2)C1=O)Nc1ccc(Cl)cc1
746,CHEMBL4442588,720.0,nM,O=C(CN1C(=O)NC2(CCCCC2)C1=O)Nc1ccc(Br)cc1
747,CHEMBL4456333,10200.0,nM,Cc1ccc(NC(=O)CN2C(=O)NC3(CCCCC3)C2=O)cc1
748,CHEMBL4460631,2760.0,nM,COc1ccc(NC(=O)CN2C(=O)NC3(CCCCC3)C2=O)cc1
749,CHEMBL4538159,1950.0,nM,O=C(CN1C(=O)NC2(CCCCC2)C1=O)Nc1ccc(Cl)cc1Cl
750,CHEMBL1908021,40600.0,nM,O=C1NC(=O)C(c2ccccc2)(c2ccc(O)cc2)N1
751,CHEMBL1869748,160000.0,nM,CC1(CCc2ccccc2)NC(=O)NC1=O
752,CHEMBL4640749,65600.0,nM,Cn1cnc2c1c(=O)n(CCCCC1(C)NC(=O)NC1=O)c(=O)n2C
753,CHEMBL289046,80100.0,nM,O=C1NC(=O)C2(CCCc3ccccc32)N1
754,CHEMBL4635409,291000.0,nM,CC(C)=C1C[C@@H]2[C@@H](CCC3(C)NC(=O)NC3=O)[C@]2(C)CC1=O
755,CHEMBL4648564,295000.0,nM,COc1ccc(C2(C)NC(=O)NC2=O)c(O)c1
756,CHEMBL549472,126000.0,nM,CCCCCCCCC[C@H](O)CC(=O)CCc1ccc(O)c(OC)c1
757,CHEMBL4779373,520.0,nM,C/C(=N\NC(=S)Nc1cccc(Br)c1)c1ccc2c(c1)NC(=O)CO2
758,CHEMBL4782682,190.0,nM,C/C(=N\NC(=S)Nc1cccc(F)c1)c1ccc2c(c1)NC(=O)CO2
759,CHEMBL4741969,580000.0,nM,Nc1nc2nc(C(=O)N[C@H](Cc3ccc(O)cc3)C(=O)O)cnc2c(=O)[nH]1
760,CHEMBL4750668,56600.0,nM,Nc1nc2nc(C(=O)N[C@@H](C(=O)O)c3ccccc3)cnc2c(=O)[nH]1
761,CHEMBL4787662,42100.0,nM,Nc1nc2nc(C(=O)N[C@H](CCc3ccccc3)C(=O)O)cnc2c(=O)[nH]1
762,CHEMBL4799115,68100.0,nM,Nc1nc2nc(C(=O)N[C@H](Cc3ccccc3)C(=O)O)cnc2c(=O)[nH]1
763,CHEMBL4793992,130000.0,nM,Nc1nc2nc(C(=O)N[C@H](CO)C(=O)O)cnc2c(=O)[nH]1
764,CHEMBL4795565,278000.0,nM,CC[C@@H](C)[C@@H](NC(=O)c1cnc2c(=O)[nH]c(N)nc2n1)C(=O)O
765,CHEMBL4793705,97200.0,nM,CC(C)C[C@@H](NC(=O)c1cnc2c(=O)[nH]c(N)nc2n1)C(=O)O
766,CHEMBL4764277,194000.0,nM,CC(C)[C@@H](NC(=O)c1cnc2c(=O)[nH]c(N)nc2n1)C(=O)O
767,CHEMBL4753734,72000.0,nM,C[C@@H](NC(=O)c1cnc2c(=O)[nH]c(N)nc2n1)C(=O)O
768,CHEMBL1738820,26500.0,nM,Nc1nc(=O)c2ncc(C(=O)O)nc2[nH]1
769,CHEMBL4745089,4020.0,nM,Nc1nc2nc(C(=O)NCCCCCC(=O)O)cnc2c(=O)[nH]1
770,CHEMBL4762839,11700.0,nM,Nc1nc2nc(C(=O)NCCCCC(=O)O)cnc2c(=O)[nH]1
771,CHEMBL4745461,25500.0,nM,Nc1nc2nc(C(=O)NCCCC(=O)O)cnc2c(=O)[nH]1
772,CHEMBL4745506,17500.0,nM,Nc1nc2nc(C(=O)NCCC(=O)O)cnc2c(=O)[nH]1
773,CHEMBL4789279,216000.0,nM,Nc1nc2nc(C(=O)N[C@@H](Cc3ccc(O)cc3)C(=O)O)cnc2c(=O)[nH]1
774,CHEMBL4784707,42600.0,nM,Nc1nc2nc(C(=O)N[C@H](C(=O)O)c3ccccc3)cnc2c(=O)[nH]1
775,CHEMBL4789697,25100.0,nM,Nc1nc2nc(C(=O)N[C@@H](CCc3ccccc3)C(=O)O)cnc2c(=O)[nH]1
776,CHEMBL4785735,46000.0,nM,Nc1nc2nc(C(=O)N[C@@H](Cc3ccccc3)C(=O)O)cnc2c(=O)[nH]1
777,CHEMBL4746973,29200.0,nM,Nc1nc2nc(C(=O)N[C@@H](CO)C(=O)O)cnc2c(=O)[nH]1
778,CHEMBL4742660,69000.0,nM,CC[C@H](C)[C@H](NC(=O)c1cnc2c(=O)[nH]c(N)nc2n1)C(=O)O
779,CHEMBL4761144,61700.0,nM,CC(C)C[C@H](NC(=O)c1cnc2c(=O)[nH]c(N)nc2n1)C(=O)O
780,CHEMBL4757375,83400.0,nM,CC(C)[C@H](NC(=O)c1cnc2c(=O)[nH]c(N)nc2n1)C(=O)O
781,CHEMBL4744462,12400.0,nM,C[C@H](NC(=O)c1cnc2c(=O)[nH]c(N)nc2n1)C(=O)O
782,CHEMBL4777280,1970.0,nM,Nc1nc2nc(C(=O)NCC(=O)O)cnc2c(=O)[nH]1
783,CHEMBL1622,52500.0,nM,Nc1nc(=O)c2nc(CNc3ccc(C(=O)N[C@@H](CCC(=O)O)C(=O)O)cc3)cnc2[nH]1
